Timestamp_ms,BPM,Confidence,Phase,Arousal,Tonic,RawPulse,RawGSR
1010,78.0,0.000,0.00,0.000,0.0,0,0
1123,78.0,0.021,-0.00,0.107,1448.9,1771,1487
1235,78.0,0.026,0.17,0.630,1448.9,1791,1461
1347,78.0,0.037,0.47,0.889,1448.9,1776,1469
1459,78.0,0.047,0.89,0.966,1448.9,1776,1457
1571,78.0,0.055,1.29,0.990,1448.9,1775,1456
1683,78.0,0.055,1.62,0.995,1448.9,1771,1463
1795,78.0,0.054,2.21,0.999,1448.9,1776,1457
1907,78.0,0.055,2.74,1.000,1448.9,1751,1461
2019,78.0,0.047,-3.05,1.000,1448.9,1764,1461
2131,78.0,0.050,-0.46,1.000,1448.9,1779,1462
2243,77.9,0.063,0.07,1.000,1448.9,1791,1467
2355,77.5,0.069,0.53,1.000,1448.9,1776,1468
2467,77.2,0.072,1.26,1.000,1448.9,1777,1465
2579,76.8,0.072,1.99,1.000,1448.9,1772,1462
2691,76.5,0.076,2.76,1.000,1448.9,1774,1456
2803,76.1,0.081,-3.03,1.000,1448.9,1776,1457
2915,75.7,0.083,-2.29,1.000,1448.9,1775,1462
3027,75.2,0.083,-1.56,1.000,1448.8,1776,1468
3139,74.8,0.097,-0.28,1.000,1448.8,1793,1458
3251,74.3,0.105,0.49,1.000,1448.8,1781,1509
3363,73.8,0.104,1.02,1.000,1448.8,1781,1476
3475,73.3,0.104,1.81,1.000,1448.8,1777,1461
3587,72.7,0.111,2.62,1.000,1448.8,1773,1486
3699,72.1,0.126,-2.89,1.000,1448.8,1744,1470
3811,71.5,0.127,-2.21,1.000,1448.8,1769,1439
3923,70.9,0.128,-1.69,1.000,1448.8,1777,1467
4035,70.2,0.122,-0.83,1.000,1448.8,1781,1463
4147,69.6,0.123,-0.03,1.000,1448.8,1770,1471
4259,69.0,0.116,0.77,1.000,1448.8,1783,1462
4371,68.4,0.120,1.47,1.000,1448.8,1749,1408
4483,67.8,0.123,2.14,1.000,1448.8,1729,1471
4595,67.3,0.115,-2.75,1.000,1448.8,1792,1470
4707,66.8,0.092,-1.84,1.000,1448.8,1776,1451
4819,66.3,0.090,-0.94,1.000,1448.8,1781,1470
4931,66.3,0.115,-0.07,1.000,1448.8,1790,1456
5043,66.0,0.123,0.46,1.000,1448.8,1787,1472
5155,65.8,0.128,1.26,1.000,1448.8,1792,1471
5267,65.3,0.130,2.02,1.000,1448.8,1790,1482
5379,65.3,0.131,2.85,0.998,1448.9,1786,1479
5491,65.2,0.136,-2.62,0.994,1448.9,1778,1471
5603,65.1,0.137,-2.08,0.989,1448.9,1782,1483
5715,65.4,0.136,-1.21,0.980,1448.9,1809,1473
5827,66.1,0.144,-0.32,0.968,1448.9,1791,1477
5939,66.2,0.141,0.51,0.966,1448.9,1778,1473
6051,66.5,0.135,1.35,0.990,1449.0,1775,1463
6163,66.8,0.135,1.94,0.995,1449.0,1776,1465
6275,67.0,0.145,2.79,0.999,1449.0,1773,1468
6387,66.8,0.156,-2.67,1.000,1449.0,1777,1463
6499,66.8,0.153,-1.83,1.000,1449.0,1802,1459
6611,67.6,0.156,-0.11,1.000,1449.0,1775,1472
6723,67.6,0.152,0.47,1.000,1449.0,1779,1471
6835,67.8,0.143,1.37,1.000,1449.0,1775,1463
6947,68.2,0.145,2.26,1.000,1449.0,1776,1472
7059,68.4,0.156,3.14,1.000,1449.1,1774,1471
7171,68.3,0.163,-2.30,1.000,1449.1,1771,1468
7283,68.2,0.166,-1.74,1.000,1449.1,1774,1469
7395,68.5,0.170,-0.85,1.000,1449.1,1794,1474
7507,68.7,0.178,0.03,1.000,1449.1,1776,1474
7619,68.7,0.172,0.91,1.000,1449.1,1775,1474
7731,68.9,0.170,1.79,1.000,1449.1,1770,1470
7843,69.0,0.174,2.38,1.000,1449.1,1769,1461
7955,69.0,0.181,-3.03,1.000,1449.1,1776,1472
8067,68.9,0.187,-2.18,1.000,1449.1,1776,1471
8179,68.9,0.188,-1.32,1.000,1449.1,1790,1473
8291,69.2,0.196,-0.42,1.000,1449.1,1772,1468
8403,69.2,0.195,0.16,1.000,1449.1,1776,1466
8515,69.3,0.189,1.03,0.997,1449.2,1776,1471
8627,69.3,0.188,1.91,0.991,1449.2,1773,1469
8739,69.4,0.192,2.78,0.984,1449.2,1776,1471
8851,69.3,0.197,-2.64,0.974,1449.2,1773,1470
8963,69.3,0.199,-2.08,0.967,1449.2,1772,1467
9075,69.4,0.199,-1.19,0.956,1449.2,1789,1467
9187,69.5,0.206,-0.31,0.944,1449.2,1766,1472
9299,69.5,0.206,0.56,0.932,1449.2,1776,1472
9411,69.6,0.202,1.43,0.918,1449.2,1767,1471
9523,69.6,0.202,2.00,0.909,1449.2,1773,1469
9635,69.6,0.205,2.87,0.894,1449.2,1778,1471
9747,69.5,0.211,-2.55,0.879,1449.2,1770,1474
9859,69.5,0.212,-1.69,0.863,1449.2,1776,1471
9971,69.5,0.214,-0.82,0.847,1449.2,1782,1471
10083,69.5,0.224,-0.23,0.837,1449.2,1782,1471
10195,69.4,0.231,0.62,0.827,1449.2,1776,1466
10307,69.4,0.229,1.50,0.816,1449.2,1806,1469
10419,69.4,0.229,2.36,0.805,1449.2,1776,1472
10531,69.4,0.235,-3.06,0.795,1449.2,1765,1468
10643,69.4,0.238,-2.49,0.789,1449.2,1776,1470
10755,69.4,0.238,-1.62,0.804,1449.3,1776,1471
10867,69.3,0.237,-0.77,0.814,1449.3,1777,1471
10979,69.3,0.236,0.09,0.814,1449.3,1787,1473
11091,69.1,0.243,0.93,0.811,1449.3,1781,1470
11203,69.1,0.243,1.49,0.809,1449.3,1776,1467
11315,69.1,0.244,2.36,0.807,1449.3,1783,1467
11427,69.1,0.241,-3.06,0.803,1449.3,1778,1471
11539,69.1,0.242,-2.20,0.797,1449.3,1776,1469
11651,69.0,0.242,-1.35,0.791,1449.2,1764,1472
11763,69.0,0.241,-0.78,0.787,1449.2,1776,1469
11875,69.0,0.240,0.09,0.781,1449.2,1743,1467
11987,69.1,0.234,0.96,0.775,1449.2,1784,1470
12099,68.9,0.222,1.76,0.767,1449.2,1778,1472
12211,68.8,0.219,2.61,0.757,1449.2,1776,1471
12323,68.8,0.220,-3.09,0.751,1449.2,1783,1470
12435,68.8,0.222,-2.23,0.740,1449.2,1776,1467
12547,68.8,0.222,-1.39,0.729,1449.2,1780,1470
12659,68.7,0.214,-0.54,0.717,1449.2,1776,1466
12771,68.7,0.203,0.32,0.704,1449.2,1771,1472
12883,68.8,0.199,0.90,0.696,1449.2,1783,1472
12995,68.5,0.188,1.69,0.682,1449.2,1785,1467
13107,68.4,0.174,2.52,0.668,1449.2,1775,1471
13219,68.4,0.178,-2.90,0.654,1449.2,1779,1473
13331,68.4,0.181,-2.04,0.639,1449.2,1775,1470
13443,68.3,0.180,-1.49,0.630,1449.2,1775,1472
13555,68.2,0.171,-0.65,0.615,1449.2,1777,1472
13667,68.1,0.162,0.21,0.600,1449.2,1783,1472
13779,68.0,0.159,1.07,0.585,1449.2,1791,1473
13891,67.7,0.143,-0.38,0.570,1449.2,1787,1472
14003,66.9,0.147,0.17,0.560,1449.2,1776,1473
14115,66.9,0.137,1.02,0.552,1449.2,1791,1468
14227,67.1,0.134,1.86,0.550,1449.2,1774,1473
14339,66.9,0.140,2.70,0.547,1449.2,1776,1472
14451,66.4,0.149,-2.77,0.544,1449.2,1775,1472
14563,66.2,0.153,-2.23,0.541,1449.2,1767,1469
14675,66.2,0.153,-1.39,0.535,1449.2,1798,1471
14787,65.9,0.157,-0.48,0.535,1449.2,1775,1470
14899,66.0,0.151,0.35,0.602,1449.2,1773,1501
15011,66.2,0.145,1.18,0.880,1449.2,1776,1469
15123,66.3,0.144,1.76,0.946,1449.2,1799,1454
15235,66.1,0.152,2.62,0.984,1449.2,1775,1459
15347,65.9,0.161,-2.84,0.995,1449.2,1782,1461
15459,66.1,0.148,-1.97,0.999,1449.2,1792,1467
15571,66.8,0.134,-1.05,1.000,1449.3,1776,1467
15683,66.9,0.131,-0.50,1.000,1449.3,1776,1461
15795,67.5,0.125,2.40,1.000,1449.3,1782,1453
15907,68.1,0.132,-3.01,1.000,1449.3,1775,1461
16019,68.6,0.140,-2.18,1.000,1449.3,1776,1456
16131,68.6,0.139,-1.35,1.000,1449.3,1770,1467
16243,68.4,0.137,-0.79,1.000,1449.3,1776,1461
16355,68.6,0.144,0.07,1.000,1449.3,1805,1458
16467,69.3,0.151,0.88,1.000,1449.3,1778,1456
16579,69.4,0.150,1.76,1.000,1449.3,1777,1467
16691,69.3,0.151,2.64,1.000,1449.3,1776,1463
16803,69.4,0.155,-3.07,1.000,1449.3,1785,1457
16915,69.5,0.162,-2.23,1.000,1449.3,1781,1459
17027,69.6,0.159,-1.41,0.999,1449.3,1773,1457
17139,69.7,0.154,-0.57,0.996,1449.3,1773,1461
17251,69.7,0.153,0.29,0.995,1449.3,1776,1459
17363,70.0,0.160,0.82,0.994,1449.3,1786,1458
17475,70.4,0.155,1.21,0.990,1449.3,1776,1473
17587,70.3,0.156,2.51,0.993,1449.3,1780,1457
17699,70.2,0.158,-2.91,0.994,1449.3,1776,1463
17811,70.3,0.167,-2.35,0.998,1449.3,1767,1462
17923,70.4,0.168,-1.76,0.998,1449.3,1776,1456
18035,70.4,0.164,-0.88,0.994,1449.3,1802,1457
18147,70.4,0.153,0.01,0.988,1449.3,1779,1456
18259,70.5,0.163,0.85,0.979,1449.3,1808,1435
18371,70.5,0.157,1.72,0.970,1449.3,1774,1487
18483,70.5,0.159,2.34,0.962,1449.3,1775,1449
18595,70.5,0.159,-3.04,0.950,1449.3,1779,1450
18707,70.5,0.165,-2.15,0.937,1449.3,1771,1457
18819,70.5,0.163,-1.27,0.945,1449.3,1778,1452
18931,70.5,0.158,-0.38,0.948,1449.3,1773,1450
19043,70.5,0.154,0.22,0.946,1449.3,1776,1452
19155,70.5,0.153,1.11,0.940,1449.3,1806,1449
19267,70.0,0.140,-0.21,0.932,1449.3,1782,1452
19379,69.3,0.138,0.62,0.922,1449.3,1776,1456
19491,68.6,0.132,1.46,0.911,1449.3,1787,1442
19603,68.0,0.132,2.01,0.902,1449.3,1795,1457
19715,67.3,0.137,2.84,0.888,1449.3,1776,1456
19827,66.6,0.144,-2.63,0.874,1449.3,1776,1456
19939,66.3,0.147,-1.82,0.861,1449.3,1781,1456
20051,66.2,0.143,-1.02,0.864,1449.3,1770,1454
20163,66.1,0.146,-0.47,0.862,1449.3,1798,1446
20275,65.6,0.154,0.35,0.857,1449.3,1787,1454
20387,65.5,0.153,1.16,0.850,1449.3,1789,1451
20499,65.6,0.151,2.00,0.841,1449.3,1773,1454
20611,65.6,0.158,2.84,0.831,1449.3,1786,1449
20723,65.5,0.165,-2.90,0.823,1449.3,1778,1445
20835,65.4,0.168,-2.09,0.810,1449.3,1783,1450
20947,65.4,0.168,-1.29,0.797,1449.3,1776,1459
21059,65.4,0.167,-0.47,0.783,1449.3,1791,1450
21171,65.2,0.183,0.34,0.769,1449.3,1787,1446
21283,65.2,0.183,0.88,0.760,1449.3,1775,1443
21395,65.2,0.180,1.72,0.745,1449.3,1779,1446
21507,65.2,0.179,2.55,0.755,1449.3,1776,1437
21619,65.2,0.190,-2.91,0.770,1449.3,1779,1450
21731,65.2,0.195,-2.11,0.769,1449.3,1776,1435
21843,65.1,0.195,-1.59,0.767,1449.3,1776,1442
21955,65.1,0.201,-0.76,0.762,1449.3,1806,1461
22067,65.1,0.218,0.09,0.757,1449.3,1786,1445
22179,65.2,0.212,0.92,0.750,1449.3,1776,1450
22291,65.2,0.207,1.77,0.742,1449.3,1776,1443
22403,65.2,0.211,2.33,0.736,1449.3,1774,1439
22515,65.2,0.224,-3.12,0.727,1449.3,1781,1446
22627,65.2,0.233,-2.31,0.717,1449.3,1776,1450
22739,65.2,0.235,-1.48,0.707,1449.3,1803,1446
22851,65.3,0.235,-0.57,0.696,1449.3,1785,1445
22963,65.3,0.234,-0.02,0.688,1449.3,1775,1438
23075,65.4,0.216,0.82,0.676,1449.3,1781,1443
23187,65.4,0.214,1.66,0.667,1449.3,1776,1445
23299,65.5,0.228,2.52,0.658,1449.3,1767,1445
23411,65.5,0.241,-2.93,0.648,1449.3,1774,1442
23523,65.4,0.247,-2.39,0.641,1449.3,1776,1439
23635,65.4,0.248,-1.57,0.641,1449.3,1796,1443
23747,65.6,0.234,-0.64,0.642,1449.3,1791,1449
23859,65.6,0.233,0.19,0.639,1449.3,1792,1444
23971,65.6,0.216,1.03,0.636,1449.3,1777,1439
24083,65.7,0.212,1.60,0.633,1449.3,1777,1441
24195,65.7,0.219,2.47,0.628,1449.3,1779,1437
24307,65.7,0.231,-2.99,0.622,1449.3,1778,1442
24419,65.7,0.240,-2.18,0.617,1449.3,1771,1438
24531,65.6,0.239,-1.38,0.610,1449.3,1777,1433
24643,65.6,0.235,-0.84,0.606,1449.3,1778,1436
24755,65.6,0.243,-0.01,0.599,1449.3,1801,1438
24867,65.5,0.241,0.78,0.595,1449.3,1780,1439
24979,65.5,0.240,1.61,0.685,1449.3,1782,1441
25091,65.5,0.240,2.44,0.723,1449.3,1749,1439
25203,65.5,0.246,2.99,0.747,1449.3,1776,1442
25315,65.5,0.252,-2.48,0.753,1449.3,1775,1436
25427,65.5,0.252,-1.67,0.751,1449.3,1776,1442
25539,65.5,0.250,-0.86,0.747,1449.3,1769,1437
25651,65.5,0.245,-0.04,0.742,1449.3,1778,1435
25763,65.5,0.242,0.51,0.738,1449.3,1783,1434
25875,65.4,0.238,1.28,0.731,1449.3,1808,1435
25987,65.4,0.232,2.08,0.844,1449.3,1775,1439
26099,65.4,0.237,2.92,0.946,1449.3,1788,1428
26211,65.4,0.237,-2.54,0.984,1449.3,1786,1430
26323,65.4,0.239,-2.00,0.993,1449.3,1776,1429
26435,65.4,0.236,-1.19,0.998,1449.3,1777,1405
26547,65.3,0.232,-0.38,0.999,1449.3,1776,1444
26659,65.3,0.228,0.45,0.995,1449.3,1775,1431
26771,65.3,0.229,1.24,0.989,1449.3,1794,1429
26883,65.2,0.219,1.76,0.984,1449.3,1783,1427
26995,65.2,0.217,2.58,0.973,1449.3,1809,1426
27107,65.2,0.219,-2.88,0.962,1449.3,1767,1438
27219,65.2,0.224,-2.07,0.950,1449.3,1775,1427
27331,65.2,0.223,-1.27,0.936,1449.3,1779,1425
27443,65.2,0.220,-0.73,0.927,1449.3,1776,1425
27555,65.2,0.219,0.10,0.912,1449.3,1780,1435
27667,65.2,0.219,0.92,0.896,1449.3,1778,1435
27779,65.1,0.213,1.71,0.880,1449.3,1791,1432
27891,65.0,0.192,2.48,0.863,1449.3,1781,1434
28003,65.0,0.193,3.03,0.851,1449.3,1779,1424
28115,65.0,0.196,-2.43,0.833,1449.3,1782,1430
28227,65.0,0.196,-1.62,0.814,1449.3,1728,1434
28339,64.8,0.180,-0.85,0.914,1449.2,1779,1426
28451,64.8,0.179,-0.03,0.974,1449.2,1776,1430
28563,64.8,0.179,0.52,0.988,1449.2,1776,1429
28675,64.8,0.178,1.35,0.996,1449.2,1762,1439
28787,64.7,0.167,2.14,0.998,1449.2,1791,1427
28899,64.2,0.140,2.93,0.996,1449.2,1787,1424
29011,64.2,0.141,-2.54,0.990,1449.2,1779,1431
29123,64.2,0.142,-1.99,0.985,1449.2,1783,1429
29235,64.1,0.141,-1.18,0.976,1449.2,1791,1437
29347,63.5,0.141,-2.39,0.966,1449.2,1786,1430
29459,63.2,0.143,-1.63,0.954,1449.2,1776,1408
29571,63.2,0.143,-0.85,0.941,1449.2,1770,1431
29683,63.1,0.144,-0.32,0.931,1449.2,1776,1431
29795,62.9,0.151,0.45,0.917,1449.2,1790,1430
29907,62.3,0.158,1.17,0.901,1449.2,1776,1425
30019,62.3,0.159,1.96,0.885,1449.2,1782,1427
30131,62.3,0.160,2.75,0.869,1449.2,1779,1428
30243,62.3,0.163,-3.01,0.857,1449.2,1776,1427
30355,62.2,0.169,-2.24,0.839,1449.2,1776,1427
30467,62.1,0.170,-1.48,0.821,1449.2,1773,1424
30579,62.0,0.166,-0.71,0.804,1449.2,1774,1422
30691,62.0,0.167,0.07,0.788,1449.2,1791,1429
30803,61.8,0.178,0.56,0.781,1449.2,1790,1449
30915,61.7,0.179,1.31,0.774,1449.2,1776,1428
31027,61.7,0.179,2.11,0.765,1449.2,1783,1424
31139,61.8,0.181,2.89,0.756,1449.2,1776,1426
31251,61.7,0.190,-2.61,0.745,1449.2,1776,1425
31363,61.7,0.193,-2.10,0.737,1449.2,1774,1429
31475,61.6,0.193,-1.34,0.725,1449.2,1775,1426
31587,61.5,0.187,-0.58,0.712,1449.2,1778,1441
31699,61.5,0.191,0.20,0.701,1449.2,1791,1424
31811,61.4,0.200,0.92,0.689,1449.2,1783,1431
31923,61.4,0.199,1.44,0.682,1449.2,1776,1424
32035,61.4,0.200,2.24,0.670,1449.2,1781,1426
32147,61.5,0.202,3.03,0.659,1449.2,1777,1421
32259,61.5,0.217,-2.49,0.647,1449.2,1776,1431
32371,61.4,0.218,-1.72,0.635,1449.2,1777,1433
32483,61.4,0.218,-1.20,0.626,1449.2,1794,1427
32595,61.3,0.211,-0.43,0.613,1449.2,1775,1424
32707,61.3,0.217,0.34,0.600,1449.2,1806,1424
32819,61.2,0.217,1.06,0.586,1449.2,1774,1435
32931,61.2,0.217,1.85,0.572,1449.2,1776,1425
33043,61.3,0.218,2.39,0.605,1449.2,1779,1424
33155,61.3,0.222,-3.11,0.648,1449.2,1776,1429
33267,61.3,0.231,-2.34,0.649,1449.2,1791,1435
33379,61.3,0.232,-1.57,0.648,1449.2,1771,1430
33491,61.2,0.226,-0.80,0.644,1449.2,1776,1424
33603,61.1,0.220,-0.29,0.642,1449.2,1779,1425
33715,61.2,0.232,0.48,0.636,1449.2,1787,1424
33827,61.2,0.230,1.25,0.630,1449.2,1746,1424
33939,61.3,0.228,2.06,0.627,1449.2,1776,1453
34051,61.4,0.230,2.85,0.626,1449.2,1771,1433
34163,61.4,0.237,-2.91,0.625,1449.2,1776,1423
34275,61.4,0.240,-2.14,0.622,1449.2,1777,1424
34387,61.4,0.239,-1.37,0.618,1449.2,1775,1428
34499,61.3,0.235,-0.60,0.613,1449.2,1779,1435
34611,61.5,0.251,0.18,0.608,1449.2,1791,1424
34723,61.5,0.251,0.69,0.603,1449.2,1786,1426
34835,61.5,0.250,1.47,0.596,1449.2,1790,1427
34947,61.6,0.249,2.27,0.587,1449.2,1779,1429
35059,61.6,0.256,3.06,0.578,1449.2,1770,1430
35171,61.7,0.259,-2.45,0.568,1449.2,1776,1429
35283,61.6,0.260,-1.93,0.561,1449.2,1779,1425
35395,61.6,0.259,-1.16,0.550,1449.2,1776,1428
35507,61.6,0.256,-0.39,0.539,1449.2,1780,1428
35619,61.7,0.265,0.39,0.527,1449.2,1793,1414
35731,61.7,0.262,1.14,0.539,1449.2,1777,1394
35843,61.7,0.262,1.67,0.541,1449.2,1779,1424
35955,61.7,0.260,2.46,0.540,1449.2,1777,1427
36067,61.7,0.258,-3.04,0.537,1449.2,1797,1437
36179,61.7,0.259,-2.27,0.534,1449.2,1774,1426
36291,61.6,0.258,-1.51,0.556,1449.2,1776,1424
36403,61.6,0.255,-1.00,0.556,1449.2,1778,1429
36515,61.5,0.248,-0.22,0.554,1449.2,1776,1426
36627,61.5,0.251,0.55,0.551,1449.2,1788,1430
36739,61.5,0.247,1.29,0.547,1449.2,1771,1424
36851,61.6,0.250,2.09,0.578,1449.2,1787,1366
36963,61.6,0.252,2.61,0.693,1449.2,1777,1423
37075,61.7,0.255,-2.89,0.742,1449.2,1750,1430
37187,61.7,0.259,-2.12,0.744,1449.2,1776,1427
37299,61.7,0.260,-1.35,0.741,1449.2,1771,1424
37411,61.6,0.258,-0.57,0.737,1449.2,1777,1424
37523,61.6,0.256,-0.05,0.733,1449.2,1779,1424
37635,61.8,0.267,0.71,0.726,1449.2,1786,1425
37747,61.7,0.265,1.47,0.718,1449.2,1773,1430
37859,61.8,0.266,2.27,0.708,1449.2,1780,1424
37971,61.9,0.266,3.06,0.698,1449.2,1793,1424
38083,61.9,0.268,-2.70,0.693,1449.2,1775,1425
38195,61.9,0.272,-1.93,0.689,1449.2,1799,1435
38307,61.9,0.272,-1.15,0.684,1449.2,1776,1425
38419,61.8,0.262,-0.38,0.678,1449.2,1776,1431
38531,61.9,0.269,0.39,0.670,1449.2,1790,1427
38643,61.9,0.265,0.88,0.665,1449.2,1787,1434
38755,61.9,0.264,1.66,0.655,1449.2,1779,1428
38867,61.9,0.264,2.45,0.645,1449.2,1776,1421
38979,62.0,0.271,-3.05,0.635,1449.2,1779,1427
39091,62.1,0.271,-2.29,0.624,1449.2,1785,1459
39203,62.1,0.271,-1.78,0.620,1449.2,1776,1424
39315,62.1,0.272,-1.00,0.617,1449.2,1797,1424
39427,62.0,0.267,-0.22,0.612,1449.2,1776,1424
39539,62.1,0.271,0.55,0.607,1449.2,1781,1424
39651,62.0,0.252,1.26,0.601,1449.2,1777,1431
39763,62.0,0.250,1.78,0.596,1449.2,1780,1430
39875,62.1,0.251,2.57,0.588,1449.2,1779,1424
39987,62.1,0.254,-2.93,0.580,1449.2,1776,1424
40099,62.1,0.258,-2.16,0.572,1449.2,1788,1426
40211,62.1,0.259,-1.38,0.575,1449.2,1771,1370
40323,62.1,0.254,-0.87,0.584,1449.2,1775,1429
40435,62.0,0.242,-0.09,0.583,1449.2,1776,1430
40547,62.0,0.240,0.69,0.581,1449.2,1790,1426
40659,61.9,0.232,1.41,0.577,1449.2,1792,1426
40771,61.9,0.230,2.19,0.573,1449.2,1781,1429
40883,61.9,0.231,2.71,0.570,1449.2,1778,1426
40995,61.9,0.234,-2.79,0.565,1449.2,1776,1423
41107,61.9,0.241,-2.03,0.559,1449.2,1776,1425
41219,61.9,0.238,-1.27,0.552,1449.2,1777,1430
41331,61.7,0.226,-0.51,0.544,1449.2,1791,1433
41443,61.4,0.205,0.01,0.540,1449.2,1776,1424
41555,61.6,0.219,0.75,0.566,1449.2,1826,1424
41667,61.5,0.210,1.47,0.570,1449.2,1777,1424
41779,61.4,0.206,2.23,0.580,1449.2,1777,1431
41891,61.5,0.209,3.02,0.579,1449.2,1777,1423
42003,61.6,0.217,-2.75,0.578,1449.2,1776,1424
42115,61.6,0.220,-1.99,0.574,1449.2,1787,1424
42227,61.5,0.219,-1.22,0.569,1449.2,1773,1427
42339,61.4,0.215,-0.45,0.562,1449.2,1778,1431
42451,61.4,0.218,0.32,0.555,1449.2,1789,1426
42563,61.6,0.232,0.80,0.550,1449.2,1789,1424
42675,61.5,0.226,1.54,0.572,1449.2,1779,1424
42787,61.5,0.225,2.32,0.600,1449.2,1785,1424
42899,61.5,0.226,3.10,0.601,1449.2,1780,1430
43011,61.6,0.237,-2.41,0.600,1449.2,1770,1424
43123,61.6,0.237,-1.91,0.597,1449.2,1777,1427
43235,61.5,0.235,-1.15,0.593,1449.2,1778,1426
43347,61.3,0.225,-0.39,0.587,1449.2,1780,1431
43459,61.4,0.233,0.38,0.580,1449.2,1786,1427
43571,61.5,0.238,1.10,0.573,1449.2,1827,1402
43683,61.5,0.238,1.62,0.569,1449.3,1781,1426
43795,61.6,0.238,2.41,0.563,1449.3,1783,1424
43907,61.7,0.247,-3.08,0.556,1449.3,1773,1425
44019,61.7,0.259,-2.32,0.548,1449.3,1786,1431
44131,61.7,0.260,-1.54,0.542,1449.3,1779,1419
44243,61.7,0.259,-1.03,0.537,1449.3,1777,1426
44355,61.7,0.261,-0.25,0.530,1449.3,1791,1424
44467,61.9,0.270,0.51,0.523,1449.3,1777,1431
44579,61.9,0.267,1.30,0.517,1449.3,1777,1417
44691,61.9,0.258,2.10,0.527,1449.3,1775,1383
44803,62.0,0.265,2.64,0.538,1449.3,1781,1456
44915,62.1,0.280,-2.86,0.574,1449.3,1779,1425
45027,62.1,0.286,-2.09,0.613,1449.3,1774,1424
45139,62.1,0.289,-1.33,0.616,1449.3,1781,1431
45251,62.1,0.298,-0.52,0.615,1449.3,1789,1424
45363,62.2,0.304,0.00,0.613,1449.3,1798,1429
45475,62.2,0.305,0.78,0.610,1449.3,1777,1425
45587,62.2,0.305,1.57,0.606,1449.3,1794,1423
45699,62.2,0.308,2.36,0.601,1449.3,1781,1424
45811,62.3,0.317,-3.13,0.595,1449.3,1776,1424
45923,62.3,0.322,-2.61,0.623,1449.3,1779,1431
46035,62.3,0.329,-1.85,0.793,1449.3,1776,1424
46147,62.3,0.332,-1.05,0.857,1449.3,1783,1426
46259,62.4,0.335,-0.23,0.859,1449.3,1779,1421
46371,62.4,0.339,0.55,0.856,1449.3,1776,1427
46483,62.4,0.327,1.08,0.852,1449.3,1758,1424
46595,62.4,0.317,1.89,0.845,1449.2,1776,1425
46707,62.5,0.323,2.69,0.837,1449.2,1773,1424
46819,62.5,0.336,-2.81,0.826,1449.2,1778,1426
46931,62.5,0.346,-2.04,0.815,1449.2,1776,1426
47043,62.5,0.348,-1.52,0.806,1449.2,1776,1424
47155,62.5,0.349,-0.71,0.801,1449.2,1787,1446
47267,62.6,0.352,0.08,0.798,1449.2,1781,1423
47379,62.6,0.349,0.87,0.794,1449.2,1776,1424
47491,62.6,0.341,1.67,0.789,1449.2,1766,1424
47603,62.6,0.341,2.20,0.784,1449.2,1744,1424
47715,62.6,0.346,2.99,0.776,1449.2,1781,1425
47827,62.6,0.355,-2.51,0.766,1449.2,1773,1425
47939,62.6,0.354,-1.72,0.755,1449.2,1785,1424
48051,62.7,0.337,-0.88,0.743,1449.2,1791,1424
48163,62.7,0.337,-0.35,0.734,1449.2,1777,1424
48275,62.7,0.328,0.43,0.721,1449.2,1778,1422
48387,62.7,0.317,1.23,0.707,1449.2,1776,1426
48499,62.7,0.316,2.03,0.692,1449.2,1775,1452
48611,62.7,0.322,2.83,0.677,1449.2,1776,1419
48723,62.7,0.332,-2.94,0.667,1449.2,1783,1437
48835,62.8,0.295,-2.12,0.652,1449.2,1787,1425
48947,62.8,0.285,-1.32,0.637,1449.2,1776,1435
49059,62.8,0.277,-0.55,0.622,1449.2,1776,1424
49171,62.8,0.274,0.23,0.606,1449.2,1776,1431
49283,62.8,0.270,0.76,0.595,1449.2,1774,1429
49395,62.8,0.265,1.56,0.580,1449.2,1778,1431
49507,62.8,0.267,2.35,0.564,1449.2,1779,1431
49619,62.8,0.272,-3.14,0.549,1449.2,1783,1425
49731,63.0,0.239,-2.33,0.533,1449.2,1791,1430
49843,63.0,0.238,-1.80,0.523,1449.2,1776,1429
49955,63.0,0.238,-1.01,0.510,1449.2,1776,1431
50067,63.0,0.235,-0.23,0.502,1449.2,1772,1424
50179,63.0,0.226,0.56,0.494,1449.2,1779,1424
50291,63.2,0.214,1.37,0.486,1449.2,1782,1440
50403,63.2,0.214,1.89,0.480,1449.2,1775,1431
50515,63.2,0.216,2.68,0.472,1449.2,1775,1426
50627,63.2,0.212,-2.82,0.463,1449.2,1783,1425
50739,63.6,0.190,-2.00,0.454,1449.2,1777,1430
50851,63.6,0.188,-1.21,0.444,1449.2,1773,1437
50963,63.6,0.186,-0.70,0.438,1449.2,1725,1434
51075,63.4,0.193,0.09,0.444,1449.2,1776,1424
51187,63.6,0.187,0.89,0.454,1449.3,1761,1430
51299,63.9,0.180,1.70,0.460,1449.3,1750,1440
51411,63.9,0.182,2.50,0.460,1449.3,1776,1429
51523,64.1,0.182,-1.21,0.459,1449.3,1779,1430
51635,65.0,0.200,-0.35,0.456,1449.3,1776,1433
51747,65.5,0.200,0.47,0.452,1449.3,1780,1438
51859,65.6,0.197,1.31,0.448,1449.3,1781,1433
51971,65.7,0.198,2.14,0.442,1449.3,1775,1427
52083,65.9,0.209,2.71,0.438,1449.3,1750,1429
52195,66.0,0.219,-2.75,0.432,1449.3,1805,1434
52307,65.9,0.226,-1.94,0.425,1449.3,1776,1412
52419,65.8,0.229,-1.12,0.418,1449.3,1770,1437
52531,66.0,0.252,-0.26,0.410,1449.3,1795,1439
52643,66.0,0.255,0.28,0.405,1449.3,1776,1439
52755,65.9,0.258,1.10,0.443,1449.4,1780,1430
52867,65.9,0.257,1.92,0.458,1449.4,1773,1433
52979,66.0,0.263,2.75,0.458,1449.4,1775,1429
53091,65.9,0.270,-2.71,0.457,1449.4,1777,1437
53203,65.9,0.270,-2.16,0.455,1449.4,1767,1438
53315,65.9,0.272,-1.35,0.454,1449.4,1755,1414
53427,65.9,0.286,-0.52,0.562,1449.4,1785,1435
53539,65.9,0.306,0.31,0.584,1449.4,1754,1429
53651,65.8,0.308,1.11,0.583,1449.4,1783,1434
53763,65.8,0.307,1.66,0.582,1449.4,1775,1435
53875,65.9,0.311,2.50,0.579,1449.4,1778,1425
53987,65.8,0.325,-2.96,0.575,1449.4,1779,1430
54099,65.8,0.331,-2.14,0.570,1449.4,1779,1437
54211,65.8,0.334,-1.34,0.564,1449.4,1777,1426
54323,65.8,0.332,-0.80,0.560,1449.4,1777,1438
54435,65.8,0.362,0.04,0.553,1449.5,1805,1433
54547,65.7,0.360,0.86,0.595,1449.5,1775,1392
54659,65.8,0.352,1.69,0.644,1449.5,1776,1437
54771,65.8,0.355,2.52,0.646,1449.5,1776,1437
54883,65.8,0.367,3.07,0.645,1449.5,1776,1437
54995,65.7,0.377,-2.41,0.642,1449.5,1776,1427
55107,65.7,0.381,-1.61,0.637,1449.5,1779,1441
55219,65.7,0.370,-0.74,0.631,1449.5,1786,1433
55331,65.7,0.359,0.10,0.625,1449.5,1778,1437
55443,65.7,0.341,0.66,0.620,1449.5,1779,1437
55555,65.7,0.331,1.49,0.613,1449.5,1773,1433
55667,65.8,0.336,2.34,0.605,1449.5,1777,1414
55779,65.8,0.354,-3.11,0.597,1449.5,1775,1435
55891,65.7,0.367,-2.30,0.588,1449.5,1779,1437
56003,65.7,0.374,-1.77,0.582,1449.5,1782,1439
56115,65.7,0.365,-0.90,0.575,1449.5,1799,1435
56227,65.7,0.329,-0.04,0.567,1449.5,1779,1437
56339,65.7,0.310,0.79,0.558,1449.5,1781,1435
56451,65.8,0.290,1.64,0.548,1449.5,1776,1445
56563,65.8,0.293,2.22,0.542,1449.5,1776,1441
56675,65.8,0.312,3.06,0.534,1449.5,1767,1438
56787,65.8,0.313,-2.40,0.530,1449.5,1773,1431
56899,65.7,0.323,-1.59,0.527,1449.5,1776,1433
57011,65.7,0.330,-0.76,0.528,1449.5,1797,1432
57123,65.7,0.327,-0.19,0.528,1449.5,1779,1435
57235,65.7,0.320,0.63,0.526,1449.5,1779,1434
57347,65.7,0.304,1.48,0.524,1449.5,1786,1437
57459,65.7,0.305,2.32,0.522,1449.5,1776,1438
57571,65.7,0.320,-3.13,0.519,1449.5,1774,1442
57683,65.7,0.325,-2.59,0.516,1449.5,1776,1439
57795,65.7,0.331,-1.78,0.511,1449.5,1774,1467
57907,65.7,0.331,-0.99,0.505,1449.5,1777,1412
58019,65.6,0.346,-0.15,0.499,1449.5,1790,1445
58131,65.6,0.346,0.67,0.593,1449.5,1775,1435
58243,65.6,0.339,1.23,0.627,1449.5,1776,1440
58355,65.6,0.339,2.05,0.634,1449.5,1776,1443
58467,65.6,0.348,2.88,0.632,1449.6,1774,1444
58579,65.6,0.356,-2.58,0.629,1449.6,1771,1435
58691,65.6,0.358,-1.77,0.624,1449.6,1774,1447
58803,65.6,0.359,-1.23,0.620,1449.6,1776,1449
58915,65.6,0.375,-0.39,0.614,1449.6,1787,1435
59027,65.5,0.381,0.43,0.606,1449.6,1775,1446
59139,65.6,0.376,1.26,0.604,1449.6,1708,1443
59251,65.6,0.375,2.09,0.608,1449.6,1763,1445
59363,65.6,0.383,2.65,0.609,1449.6,1772,1451
59475,65.6,0.386,-2.81,0.608,1449.6,1770,1445
59587,65.6,0.386,-1.99,0.604,1449.6,1772,1445
59699,65.5,0.386,-1.18,0.600,1449.6,1777,1443
59811,65.5,0.389,-0.35,0.594,1449.6,1775,1447
59923,65.5,0.397,0.19,0.589,1449.6,1782,1444
60035,65.5,0.395,1.00,0.582,1449.6,1769,1443
60147,65.5,0.394,1.83,0.577,1449.6,1773,1453
60259,65.5,0.394,2.65,0.573,1449.6,1777,1445
60371,65.5,0.398,-2.80,0.568,1449.6,1793,1435
60483,65.5,0.400,-2.26,0.564,1449.6,1769,1446
60595,65.4,0.400,-1.45,0.558,1449.6,1776,1441
60707,65.4,0.399,-0.63,0.552,1449.6,1776,1456
60819,65.4,0.399,0.19,0.545,1449.6,1783,1450
60931,65.3,0.388,0.97,0.538,1449.6,1777,1449
61043,65.3,0.384,1.51,0.532,1449.6,1779,1453
61155,65.3,0.384,2.33,0.524,1449.6,1783,1445
61267,65.3,0.387,-3.13,0.514,1449.6,1774,1451
61379,65.3,0.391,-2.31,0.507,1449.6,1776,1431
61491,65.3,0.383,-1.52,0.499,1449.6,1771,1446
61603,65.3,0.374,-0.98,0.494,1449.6,1781,1445
61715,65.2,0.366,-0.17,0.485,1449.6,1778,1454
61827,65.2,0.366,0.63,0.476,1449.6,1788,1449
61939,65.1,0.344,1.41,0.467,1449.6,1801,1447
62051,65.1,0.345,2.24,0.458,1449.6,1779,1453
62163,65.1,0.344,2.79,0.451,1449.6,1781,1447
62275,65.1,0.353,-2.68,0.442,1449.6,1776,1455
62387,65.1,0.349,-1.87,0.433,1449.6,1772,1445
62499,65.1,0.342,-1.07,0.423,1449.6,1772,1456
62611,65.0,0.330,-0.26,0.414,1449.6,1775,1455
62723,65.0,0.328,0.29,0.408,1449.6,1793,1456
62835,65.0,0.313,1.05,0.415,1449.6,1783,1447
62947,64.9,0.287,1.82,0.415,1449.6,1779,1462
63059,64.9,0.290,2.66,0.413,1449.6,1782,1456
63171,64.9,0.295,-2.80,0.411,1449.6,1764,1455
63283,64.9,0.298,-2.27,0.409,1449.6,1776,1449
63395,64.8,0.293,-1.48,0.406,1449.6,1776,1445
63507,64.8,0.284,-0.68,0.402,1449.6,1776,1459
63619,64.7,0.271,0.14,0.397,1449.6,1766,1456
63731,64.7,0.264,0.96,0.392,1449.7,1809,1444
63843,64.5,0.248,1.46,0.389,1449.7,1775,1456
63955,64.3,0.225,2.24,0.385,1449.7,1775,1456
64067,64.5,0.231,3.07,0.382,1449.7,1775,1456
64179,64.5,0.233,-2.39,0.381,1449.7,1775,1443
64291,64.4,0.234,-1.58,0.381,1449.7,1780,1456
64403,64.3,0.228,-1.05,0.380,1449.7,1776,1463
64515,64.2,0.221,-0.24,0.378,1449.7,1771,1457
64627,64.1,0.218,0.59,0.375,1449.7,1770,1456
64739,64.0,0.214,1.38,0.372,1449.7,1790,1456
64851,63.2,0.222,0.54,0.369,1449.7,1789,1461
64963,63.0,0.221,1.06,0.366,1449.7,1761,1447
65075,63.0,0.222,1.84,0.363,1449.7,1777,1472
65187,63.0,0.230,2.64,0.360,1449.7,1775,1461
65299,62.8,0.244,-2.86,0.359,1449.7,1774,1452
65411,62.7,0.251,-2.09,0.357,1449.7,1772,1456
65523,62.6,0.255,-1.59,0.355,1449.7,1776,1458
65635,62.5,0.251,-0.82,0.352,1449.7,1770,1462
65747,62.5,0.260,-0.04,0.348,1449.7,1792,1469
65859,62.2,0.256,0.71,0.344,1449.7,1776,1468
65971,62.2,0.259,1.48,0.339,1449.8,1783,1459
66083,62.2,0.256,2.02,0.335,1449.8,1779,1447
66195,62.2,0.257,2.81,0.330,1449.8,1776,1472
66307,62.2,0.263,-2.69,0.324,1449.8,1773,1469
66419,62.0,0.267,-1.96,0.318,1449.8,1763,1469
66531,61.9,0.263,-1.21,0.311,1449.8,1769,1470
66643,61.9,0.255,-0.71,0.307,1449.8,1774,1473
66755,61.8,0.257,0.07,0.300,1449.8,1782,1473
66867,61.8,0.263,0.82,0.294,1449.9,1776,1469
66979,61.8,0.263,1.60,0.287,1449.9,1776,1467
67091,61.8,0.262,2.38,0.280,1449.9,1771,1473
67203,61.8,0.278,2.92,0.276,1449.9,1764,1469
67315,61.8,0.289,-2.59,0.409,1449.9,1781,1471
67427,62.0,0.239,-1.72,0.469,1449.9,1808,1469
67539,62.2,0.208,-0.85,0.482,1450.0,1779,1472
67651,62.2,0.207,-0.06,0.481,1450.0,1782,1473
67763,62.2,0.224,0.45,0.480,1450.0,1802,1477
67875,62.2,0.231,1.20,0.477,1450.0,1776,1472
67987,62.2,0.225,2.02,0.473,1450.0,1778,1487
68099,62.3,0.228,2.82,0.468,1450.0,1777,1478
68211,62.2,0.247,-2.70,0.462,1450.1,1773,1490
68323,62.2,0.252,-2.19,0.457,1450.1,1776,1493
68435,62.1,0.254,-1.43,0.450,1450.1,1775,1499
68547,62.1,0.252,-0.67,0.442,1450.2,1776,1494
68659,62.1,0.255,0.11,0.434,1450.2,1765,1477
68771,62.2,0.241,0.93,0.426,1450.3,1781,1502
68883,62.2,0.232,1.48,0.420,1450.3,1766,1490
68995,62.2,0.233,2.27,0.412,1450.4,1768,1487
69107,62.2,0.219,3.05,0.428,1450.4,1783,1488
69219,62.2,0.209,-2.45,0.638,1450.5,1766,1481
69331,62.2,0.211,-1.69,0.878,1450.5,1776,1482
69443,62.2,0.211,-1.17,0.945,1450.6,1785,1475
69555,62.3,0.234,-0.34,0.983,1450.6,1830,1481
69667,62.3,0.245,0.44,0.995,1450.6,1776,1477
69779,62.3,0.237,1.23,0.999,1450.7,1776,1483
69891,62.3,0.233,2.01,1.000,1450.7,1779,1482
70003,62.2,0.221,2.51,1.000,1450.7,1773,1478
70115,62.2,0.225,-2.99,1.000,1450.8,1765,1482
70227,62.2,0.232,-2.22,1.000,1450.8,1773,1474
70339,62.2,0.232,-1.44,1.000,1450.8,1778,1474
70451,62.2,0.233,-0.65,1.000,1450.8,1779,1474
70563,62.2,0.237,-0.12,1.000,1450.9,1785,1474
70675,62.2,0.246,0.61,1.000,1450.9,1811,1445
70787,62.1,0.232,1.32,1.000,1450.9,1777,1457
70899,62.2,0.230,2.12,1.000,1450.9,1783,1471
71011,62.2,0.234,2.91,1.000,1450.9,1783,1482
71123,62.2,0.240,-2.85,1.000,1450.9,1782,1477
71235,62.2,0.243,-2.09,1.000,1450.9,1776,1471
71347,62.2,0.243,-1.32,1.000,1450.9,1778,1472
71459,62.2,0.246,-0.53,1.000,1451.0,1783,1475
71571,62.2,0.256,0.25,1.000,1451.0,1778,1472
71683,62.2,0.252,0.78,1.000,1451.0,1786,1472
71795,62.2,0.250,1.58,1.000,1451.0,1782,1479
71907,62.2,0.259,2.39,1.000,1451.0,1774,1469
72019,62.3,0.278,-3.10,1.000,1451.0,1773,1465
72131,62.3,0.287,-2.32,0.999,1451.0,1794,1463
72243,62.3,0.291,-1.81,0.996,1451.0,1776,1478
72355,62.3,0.292,-1.03,0.990,1451.0,1774,1469
72467,62.3,0.302,-0.23,0.982,1451.0,1785,1472
72579,62.3,0.311,0.54,0.972,1451.0,1781,1472
72691,62.3,0.314,1.32,0.959,1451.0,1786,1471
72803,62.3,0.313,1.83,0.950,1451.0,1774,1479
72915,62.3,0.315,2.62,0.935,1451.0,1776,1457
73027,62.3,0.315,-2.88,0.919,1451.0,1779,1462
73139,62.3,0.318,-2.10,0.902,1451.0,1779,1474
73251,62.3,0.319,-1.31,0.885,1451.0,1780,1459
73363,62.3,0.320,-0.79,0.873,1451.0,1777,1463
73475,62.3,0.327,-0.01,0.855,1451.0,1791,1456
73587,62.3,0.333,0.77,0.837,1451.0,1782,1469
73699,62.3,0.334,1.55,0.819,1451.0,1776,1469
73811,62.3,0.328,2.32,0.801,1451.0,1779,1465
73923,62.3,0.335,2.85,0.789,1451.0,1779,1472
74035,62.3,0.340,-2.66,0.771,1451.0,1776,1442
74147,62.3,0.339,-1.91,0.755,1451.0,1801,1470
74259,62.3,0.336,-1.15,0.750,1451.0,1776,1470
74371,62.2,0.328,-0.38,0.743,1451.0,1781,1470
74483,62.2,0.333,0.14,0.738,1451.0,1782,1475
74595,62.2,0.336,0.90,0.729,1451.0,1777,1467
74707,62.3,0.336,1.69,0.719,1451.0,1786,1462
74819,62.2,0.308,2.43,0.708,1451.0,1791,1469
74931,62.1,0.245,-3.08,0.696,1451.0,1783,1473
75043,62.1,0.240,-2.56,0.687,1451.0,1780,1466
75155,62.1,0.238,-1.79,0.674,1451.0,1783,1463
75267,62.1,0.230,-1.03,0.678,1451.0,1780,1473
75379,62.0,0.220,-0.27,0.686,1451.0,1783,1470
75491,62.1,0.237,0.49,0.684,1451.0,1808,1463
75603,62.1,0.237,1.00,0.682,1451.0,1779,1472
75715,62.1,0.233,1.81,0.677,1451.0,1771,1469
75827,62.1,0.233,2.59,0.670,1451.0,1785,1467
75939,62.2,0.246,-2.91,0.663,1451.0,1776,1469
76051,62.2,0.253,-2.17,0.654,1451.0,1776,1470
76163,62.1,0.252,-1.70,0.647,1451.0,1773,1472
76275,62.1,0.246,-0.97,0.636,1451.0,1775,1472
76387,62.1,0.245,-0.19,0.625,1451.0,1791,1463
76499,62.2,0.192,0.52,0.614,1451.1,1792,1465
76611,62.2,0.179,1.25,0.603,1451.1,1782,1470
76723,62.2,0.177,1.78,0.596,1451.1,1767,1466
76835,62.2,0.178,2.57,0.585,1451.1,1782,1472
76947,62.3,0.187,-2.93,0.573,1451.1,1775,1470
77059,62.3,0.190,-2.16,0.562,1451.1,1778,1467
77171,62.2,0.190,-1.42,0.550,1451.1,1776,1466
77283,62.2,0.184,-0.92,0.541,1451.1,1774,1465
77395,62.2,0.176,-0.15,0.529,1451.1,1787,1472
77507,62.2,0.181,0.61,0.517,1451.1,1787,1459
77619,62.2,0.181,1.38,0.504,1451.1,1776,1469
77731,62.2,0.183,2.18,0.491,1451.1,1774,1460
77843,62.3,0.193,2.72,0.483,1451.1,1765,1467
77955,62.3,0.207,-2.78,0.471,1451.1,1779,1470
78067,62.3,0.214,-2.02,0.458,1451.1,1769,1461
78179,62.3,0.215,-1.26,0.446,1451.2,1774,1463
78291,62.3,0.224,-0.47,0.435,1451.2,1797,1467
78403,62.4,0.230,0.06,0.427,1451.2,1793,1467
78515,62.4,0.227,0.81,0.416,1451.2,1776,1456
78627,62.5,0.220,1.61,0.406,1451.2,1792,1443
78739,62.4,0.214,2.36,0.396,1451.2,1754,1488
78851,62.4,0.213,-3.14,0.386,1451.2,1775,1465
78963,62.4,0.216,-2.63,0.379,1451.2,1776,1463
79075,62.4,0.217,-1.88,0.370,1451.2,1776,1456
79187,62.3,0.214,-1.13,0.361,1451.2,1785,1465
79299,62.3,0.221,-0.34,0.359,1451.2,1792,1468
79411,62.4,0.223,0.43,0.355,1451.2,1779,1457
79523,62.4,0.223,0.95,0.353,1451.2,1795,1456
79635,62.4,0.223,1.75,0.349,1451.2,1766,1482
79747,62.6,0.228,2.60,0.344,1451.2,1765,1471
79859,62.7,0.238,-2.90,0.339,1451.2,1758,1458
79971,62.6,0.240,-2.12,0.383,1451.2,1779,1459
80083,62.6,0.243,-1.60,0.397,1451.2,1775,1443
80195,62.7,0.248,-0.80,0.399,1451.2,1807,1465
80307,62.8,0.253,0.01,0.398,1451.2,1787,1451
80419,62.7,0.258,0.78,0.396,1451.3,1782,1463
80531,62.7,0.264,1.55,0.393,1451.3,1781,1465
80643,62.7,0.264,2.08,0.391,1451.3,1774,1461
80755,62.8,0.270,2.88,0.386,1451.3,1776,1458
80867,62.8,0.274,-2.62,0.382,1451.3,1758,1461
80979,62.8,0.268,-1.83,0.376,1451.3,1815,1485
81091,62.9,0.262,-0.99,0.577,1451.3,1789,1456
81203,63.0,0.265,-0.45,0.673,1451.3,1782,1456
81315,63.0,0.249,0.34,0.711,1451.3,1771,1446
81427,63.1,0.226,1.15,0.711,1451.3,1776,1425
81539,63.1,0.228,1.95,0.708,1451.3,1774,1456
81651,63.2,0.238,2.76,0.704,1451.3,1774,1458
81763,63.2,0.243,-3.00,0.700,1451.3,1779,1462
81875,63.2,0.245,-2.22,0.694,1451.3,1777,1467
81987,63.4,0.224,-1.36,0.686,1451.3,1791,1456
82099,63.5,0.224,-0.55,0.677,1451.3,1776,1453
82211,63.5,0.220,0.23,0.669,1451.3,1777,1474
82323,63.5,0.214,0.76,0.667,1451.3,1776,1454
82435,63.7,0.207,1.57,0.662,1451.3,1781,1451
82547,63.7,0.207,2.36,0.655,1451.3,1785,1454
82659,63.7,0.206,-3.13,0.650,1451.3,1787,1456
82771,64.0,0.192,-1.12,0.645,1451.3,1791,1451
82883,64.9,0.195,-0.55,0.641,1451.3,1781,1445
82995,65.1,0.188,0.28,0.635,1451.3,1777,1451
83107,65.4,0.178,1.12,0.629,1451.3,1781,1454
83219,65.9,0.180,1.98,0.622,1451.3,1790,1443
83331,66.4,0.189,2.83,0.615,1451.3,1776,1461
83443,66.3,0.196,-2.91,0.612,1451.3,1779,1453
83555,66.6,0.190,-2.07,0.608,1451.3,1787,1453
83667,67.2,0.189,-0.05,0.604,1451.3,1772,1444
83779,67.2,0.187,0.82,0.599,1451.3,1786,1454
83891,67.4,0.185,1.70,0.594,1451.3,1776,1453
84003,67.5,0.187,2.28,0.590,1451.3,1776,1450
84115,67.7,0.195,-3.13,0.585,1451.2,1774,1439
84227,67.7,0.199,-2.27,0.579,1451.2,1782,1447
84339,67.9,0.195,-1.37,0.574,1451.2,1806,1454
84451,68.4,0.202,-0.46,0.588,1451.2,1776,1466
84563,68.4,0.206,0.11,0.622,1451.2,1795,1445
84675,68.4,0.206,0.98,0.633,1451.2,1779,1426
84787,68.5,0.205,1.86,0.632,1451.1,1766,1444
84899,68.6,0.212,2.74,0.630,1451.1,1776,1439
85011,68.7,0.222,-2.68,0.626,1451.1,1776,1450
85123,68.6,0.227,-2.12,0.623,1451.1,1776,1441
85235,68.5,0.228,-1.27,0.618,1451.1,1767,1445
85347,68.5,0.226,-0.42,0.611,1451.0,1778,1440
85459,68.5,0.235,0.44,0.604,1451.0,1779,1445
85571,68.5,0.236,1.30,0.597,1451.0,1773,1451
85683,68.6,0.236,1.88,0.591,1451.0,1773,1471
85795,68.6,0.240,2.76,0.583,1450.9,1776,1445
85907,68.6,0.244,-2.66,0.574,1450.9,1776,1456
86019,68.8,0.224,-1.75,0.564,1450.9,1779,1449
86131,69.1,0.222,-0.81,0.553,1450.9,1786,1449
86243,69.2,0.228,-0.23,0.546,1450.9,1777,1442
86355,69.2,0.204,0.65,0.535,1450.8,1780,1446
86467,69.2,0.203,1.51,0.523,1450.8,1776,1439
86579,69.3,0.208,2.40,0.511,1450.8,1775,1441
86691,69.3,0.214,-3.01,0.500,1450.8,1780,1451
86803,69.3,0.217,-2.44,0.492,1450.8,1774,1452
86915,69.1,0.224,-1.63,0.480,1450.7,1767,1445
87027,68.8,0.196,-0.84,0.469,1450.7,1765,1462
87139,68.8,0.186,0.01,0.457,1450.7,1774,1449
87251,68.8,0.185,0.88,0.445,1450.7,1771,1454
87363,68.8,0.184,1.44,0.437,1450.7,1754,1455
87475,68.4,0.158,2.24,0.425,1450.7,1808,1453
87587,68.2,0.139,3.08,0.414,1450.7,1776,1449
87699,68.1,0.133,-2.33,0.402,1450.7,1798,1447
87811,68.0,0.127,-1.51,0.394,1450.7,1750,1438
87923,67.4,0.117,3.11,0.390,1450.7,1753,1426
88035,66.8,0.121,-2.38,0.412,1450.6,1772,1445
88147,66.2,0.126,-1.61,0.422,1450.6,1759,1454
88259,66.0,0.128,-0.79,0.421,1450.6,1776,1456
88371,65.8,0.134,0.05,0.419,1450.6,1885,1455
88483,65.4,0.089,0.46,0.417,1450.6,1843,1455
88595,65.4,0.082,1.19,0.502,1450.6,1776,1437
88707,65.4,0.075,2.09,0.819,1450.6,1777,1434
88819,65.4,0.079,2.96,0.946,1450.6,1809,1429
88931,65.4,0.077,-2.50,0.984,1450.6,1742,1426
89043,65.3,0.080,-2.11,0.993,1450.6,1649,1422
89155,65.1,0.061,-2.24,0.998,1450.5,1768,1429
89267,64.9,0.057,-1.43,0.999,1450.5,1775,1429
89379,64.9,0.058,-0.62,1.000,1450.5,1870,1448
89491,64.6,0.071,0.15,1.000,1450.4,1787,1452
89603,64.3,0.079,0.58,1.000,1450.4,1758,1448
89715,63.9,0.077,1.36,1.000,1450.4,1817,1440
89827,63.5,0.078,2.12,1.000,1450.4,1733,1431
89939,63.1,0.085,2.91,1.000,1450.4,1779,1437
90051,62.7,0.086,-2.63,1.000,1450.3,1789,1422
90163,62.2,0.084,-2.12,1.000,1450.3,1804,1456
90275,62.7,0.086,-0.33,1.000,1450.3,1792,1427
90387,63.1,0.087,0.49,1.000,1450.2,1779,1436
90499,63.5,0.087,1.32,1.000,1450.2,1787,1439
90611,64.0,0.087,2.15,1.000,1450.2,1781,1401
90723,64.4,0.087,2.69,1.000,1450.1,1791,1427
90835,64.8,0.083,-2.76,0.997,1450.1,1805,1429
90947,65.2,0.078,-1.91,0.991,1450.0,1779,1435
91059,65.2,0.078,-1.11,0.983,1450.0,1787,1430
91171,65.1,0.078,-1.96,0.973,1450.0,1778,1434
91283,64.7,0.078,-1.49,0.966,1449.9,1786,1439
91395,64.3,0.076,-0.76,0.952,1449.9,1776,1437
91507,63.9,0.074,-0.02,0.938,1449.9,1781,1437
91619,63.6,0.073,0.73,0.922,1449.8,1780,1424
91731,63.8,0.073,-2.69,0.905,1449.8,1778,1434
91843,64.2,0.073,-2.14,0.893,1449.8,1779,1434
91955,64.4,0.074,2.72,0.874,1449.7,1776,1439
92067,64.2,0.074,-0.50,0.855,1449.7,1787,1426
92179,64.6,0.075,0.33,0.836,1449.6,1783,1435
92291,64.9,0.075,1.15,0.817,1449.6,1810,1456
92403,65.3,0.075,1.70,0.804,1449.6,1785,1437
92515,65.3,0.075,2.53,0.785,1449.5,1784,1440
92627,65.3,0.076,-2.93,0.765,1449.5,1793,1439
92739,65.3,0.076,-2.11,0.746,1449.5,1776,1438
92851,65.3,0.076,-1.28,0.726,1449.4,1776,1440
92963,65.3,0.076,-0.74,0.713,1449.4,1778,1434
93075,65.4,0.081,0.09,0.694,1449.4,1818,1437
93187,65.2,0.092,0.85,0.674,1449.3,1840,1440
93299,64.9,0.091,0.48,0.655,1449.3,1790,1439
93411,64.4,0.096,1.05,0.638,1449.3,1625,1434
93523,64.3,0.081,2.82,0.628,1449.2,1808,1468
93635,64.7,0.085,-2.66,0.614,1449.2,1695,1440
93747,64.5,0.095,-2.01,0.599,1449.2,1760,1435
93859,64.4,0.096,-1.17,0.585,1449.1,1793,1446
93971,64.4,0.093,-2.00,0.570,1449.1,1753,1456
94083,63.9,0.094,-1.59,0.560,1449.1,1787,1471
94195,64.1,0.097,0.96,0.545,1449.1,1861,1448
94307,63.6,0.102,-0.19,0.530,1449.1,1942,1450
94419,63.1,0.117,0.39,0.516,1449.1,1846,1450
94531,62.5,0.104,1.05,0.505,1449.1,1760,1439
94643,62.0,0.086,2.28,0.500,1449.1,1713,1424
94755,62.4,0.095,-2.89,0.495,1449.0,1524,1439
94867,61.9,0.099,-2.61,0.495,1449.0,1823,1434
94979,62.0,0.091,-1.33,0.620,1449.0,1759,1424
95091,62.4,0.092,-0.52,0.876,1449.0,1788,1424
95203,62.4,0.095,0.00,0.944,1449.0,1776,1429
95315,62.4,0.097,0.78,0.983,1448.9,1778,1418
95427,62.4,0.098,1.55,0.995,1448.9,1777,1424
95539,62.3,0.097,2.32,0.998,1448.8,1807,1424
95651,62.3,0.096,3.11,1.000,1448.8,1744,1436
95763,62.3,0.096,-2.65,1.000,1448.7,1788,1412
95875,62.4,0.095,-1.86,1.000,1448.7,1782,1425
95987,62.4,0.095,-1.07,1.000,1448.6,1797,1425
96099,62.4,0.095,-0.29,1.000,1448.6,1777,1415
96211,62.4,0.095,0.49,1.000,1448.5,1781,1449
96323,62.4,0.095,1.02,1.000,1448.5,1777,1424
96435,62.4,0.095,1.80,1.000,1448.4,1779,1425
96547,62.4,0.095,2.59,1.000,1448.3,1783,1423
96659,62.4,0.095,-2.91,1.000,1448.3,1789,1427
96771,62.5,0.093,-2.12,0.998,1448.2,1777,1454
96883,62.4,0.093,-1.60,0.995,1448.2,1764,1424
96995,62.4,0.093,-0.82,0.988,1448.1,1787,1426
97107,62.4,0.093,-0.04,0.980,1448.1,1765,1421
97219,62.4,0.092,0.75,0.969,1448.0,1777,1425
97331,62.4,0.092,1.53,0.957,1447.9,1782,1424
97443,62.4,0.092,2.05,0.948,1447.9,1780,1426
97555,62.3,0.092,-0.30,0.933,1447.8,1797,1423
97667,61.8,0.094,0.36,0.917,1447.8,1776,1431
97779,61.4,0.094,1.03,0.899,1447.7,1789,1424
97891,60.9,0.094,1.69,0.882,1447.6,1799,1426
98003,60.4,0.095,2.14,0.870,1447.6,1771,1424
98115,60.0,0.095,2.80,0.851,1447.5,1780,1425
98227,59.5,0.096,-2.82,0.832,1447.5,1774,1426
98339,59.0,0.097,-2.16,0.813,1447.4,1776,1428
98451,58.5,0.097,-1.49,0.794,1447.3,1796,1433
98563,58.0,0.098,-1.04,0.781,1447.3,1790,1425
98675,57.5,0.098,-0.37,0.761,1447.2,1781,1436
98787,57.1,0.097,0.29,0.742,1447.2,1765,1425
98899,56.6,0.097,0.96,0.722,1447.1,1785,1427
99011,56.1,0.097,1.63,0.703,1447.0,1786,1431
99123,55.6,0.097,2.07,0.691,1447.0,1778,1363
99235,55.1,0.097,2.74,0.673,1446.9,1771,1426
99347,54.6,0.098,-2.88,0.660,1446.8,1779,1424
99459,54.1,0.099,-2.22,0.646,1446.8,1787,1426
99571,53.7,0.099,-1.55,0.633,1446.7,1797,1425
99683,53.2,0.099,-1.10,0.623,1446.7,1781,1429
99795,52.7,0.100,-0.43,0.609,1446.6,1795,1427
99907,52.6,0.099,0.23,0.595,1446.5,1771,1426
100019,52.6,0.099,0.90,0.581,1446.4,1767,1425
100131,52.6,0.099,1.56,0.567,1446.4,1776,1429
100243,52.7,0.099,2.01,0.557,1446.3,1771,1433
100355,52.7,0.100,2.67,0.544,1446.3,1776,1427
100467,52.7,0.100,-2.95,0.530,1446.2,1765,1428
100579,52.7,0.100,-2.28,0.517,1446.1,1787,1429
100691,52.7,0.100,-1.60,0.503,1446.0,1782,1429
100803,52.7,0.100,-1.16,0.495,1446.0,1774,1431
100915,52.7,0.099,-0.50,0.481,1445.9,1791,1431
101027,52.7,0.099,0.16,0.468,1445.9,1774,1431
101139,52.7,0.099,0.83,0.455,1445.8,1774,1431
101251,52.7,0.098,1.50,0.442,1445.7,1794,1435
101363,52.7,0.098,1.94,0.434,1445.7,1807,1431
101475,52.8,0.099,2.61,0.422,1445.6,1776,1431
101587,52.8,0.100,-3.01,0.412,1445.5,1786,1431
101699,52.8,0.097,-2.34,0.402,1445.5,1791,1440
101811,52.8,0.096,-1.67,0.392,1445.4,1766,1418
101923,52.8,0.096,-1.23,0.386,1445.4,1776,1435
102035,52.8,0.096,-0.57,0.376,1445.3,1779,1437
102147,52.8,0.094,0.10,0.366,1445.3,1780,1437
102259,52.8,0.093,0.76,0.356,1445.2,1775,1431
102371,52.8,0.093,1.43,0.346,1445.1,1776,1433
102483,52.8,0.093,1.87,0.340,1445.1,1779,1430
102595,52.8,0.094,2.54,0.330,1445.0,1733,1379
102707,52.8,0.093,-3.08,0.323,1445.0,1833,1438
102819,52.8,0.088,-2.40,0.316,1444.9,1781,1437
102931,52.8,0.088,-1.74,0.308,1444.9,1776,1430
103043,52.8,0.088,-1.31,0.303,1444.8,1776,1436
103155,52.8,0.088,-0.64,0.296,1444.8,1783,1433
103267,52.8,0.086,0.02,0.289,1444.7,1786,1441
103379,52.8,0.086,0.68,0.281,1444.7,1776,1439
103491,52.8,0.085,1.35,0.274,1444.6,1786,1435
103603,52.8,0.085,1.79,0.269,1444.6,1777,1459
103715,52.9,0.084,-0.81,0.266,1444.5,1789,1439
103827,53.4,0.088,-0.02,0.264,1444.5,1772,1429
103939,53.8,0.087,0.77,0.263,1444.4,1780,1437
104051,54.2,0.087,1.55,0.260,1444.4,1796,1441
104163,54.7,0.087,2.07,0.258,1444.3,1776,1425
104275,55.1,0.088,2.86,0.255,1444.3,1778,1443
104387,55.6,0.089,-2.64,0.252,1444.3,1779,1446
104499,56.0,0.089,-1.86,0.251,1444.2,1774,1429
104611,56.4,0.090,-1.07,0.250,1444.2,1799,1426
104723,56.9,0.093,-0.53,0.249,1444.1,1792,1443
104835,57.4,0.094,0.25,0.247,1444.1,1790,1442
104947,57.8,0.093,1.04,0.245,1444.0,1782,1438
105059,58.3,0.093,1.83,0.243,1444.0,1776,1446
105171,58.8,0.095,2.63,0.240,1443.9,1795,1437
105283,59.2,0.096,-3.13,0.238,1443.9,1781,1449
105395,59.7,0.097,-2.35,0.235,1443.8,1776,1413
105507,60.2,0.097,-1.57,0.232,1443.8,1775,1441
105619,60.7,0.098,-0.78,0.228,1443.8,1794,1427
105731,61.2,0.103,0.01,0.225,1443.7,1782,1440
105843,61.7,0.102,0.53,0.223,1443.7,1776,1439
105955,62.2,0.101,1.32,0.220,1443.6,1776,1438
106067,62.2,0.101,2.11,0.216,1443.6,1789,1438
106179,62.2,0.105,2.91,0.213,1443.5,1782,1424
106291,62.2,0.106,-2.59,0.213,1443.5,1776,1441
106403,62.2,0.106,-2.07,0.213,1443.5,1787,1433
106515,62.2,0.106,-1.29,0.213,1443.4,1775,1437
106627,62.2,0.107,-0.51,0.211,1443.4,1794,1447
106739,62.1,0.113,0.28,0.210,1443.3,1779,1445
106851,62.1,0.113,1.06,0.208,1443.3,1783,1441
106963,62.1,0.113,1.59,0.206,1443.2,1786,1445
107075,62.1,0.113,2.38,0.204,1443.2,1774,1446
107187,62.1,0.115,-3.12,0.201,1443.2,1779,1457
107299,62.1,0.116,-2.34,0.203,1443.1,1783,1454
107411,62.1,0.117,-1.56,0.212,1443.1,1783,1445
107523,62.1,0.117,-1.03,0.213,1443.1,1794,1405
107635,62.0,0.121,-0.23,0.213,1443.0,1777,1447
107747,62.0,0.118,0.55,0.212,1443.0,1781,1451
107859,62.0,0.118,1.34,0.211,1442.9,1778,1443
107971,62.0,0.119,2.13,0.210,1442.9,1777,1442
108083,62.0,0.121,2.66,0.208,1442.9,1777,1440
108195,62.0,0.122,-2.84,0.207,1442.8,1777,1444
108307,62.0,0.123,-2.06,0.206,1442.8,1775,1449
108419,62.0,0.123,-1.29,0.249,1442.7,1745,1441
108531,62.0,0.128,-0.48,0.256,1442.7,1791,1446
108643,62.0,0.130,0.05,0.275,1442.7,1774,1435
108755,62.0,0.129,0.83,0.280,1442.6,1791,1459
108867,61.9,0.129,1.62,0.284,1442.6,1778,1439
108979,61.9,0.130,2.41,0.296,1442.5,1776,1435
109091,61.9,0.131,-3.09,0.310,1442.5,1776,1438
109203,61.9,0.132,-2.57,0.312,1442.5,1779,1439
109315,61.9,0.133,-1.79,0.311,1442.4,1777,1445
109427,61.9,0.132,-1.02,0.311,1442.4,1779,1431
109539,61.9,0.133,-0.23,0.309,1442.3,1803,1429
109651,61.9,0.141,0.54,0.308,1442.3,1776,1446
109763,61.9,0.141,1.06,0.306,1442.3,1776,1437
109875,61.9,0.141,1.84,0.304,1442.2,1782,1430
109987,61.9,0.142,2.63,0.308,1442.2,1773,1441
110099,61.9,0.145,-2.87,0.309,1442.1,1776,1437
110211,61.9,0.147,-2.09,0.308,1442.1,1776,1439
110323,61.9,0.147,-1.57,0.307,1442.0,1777,1444
110435,61.9,0.146,-0.80,0.305,1442.0,1777,1443
110547,61.9,0.145,-0.01,0.302,1441.9,1793,1435
110659,61.9,0.150,0.75,0.300,1441.9,1791,1437
110771,61.9,0.152,1.51,0.296,1441.9,1776,1442
110883,61.9,0.152,2.04,0.294,1441.8,1780,1424
110995,61.9,0.153,2.82,0.291,1441.8,1779,1434
111107,61.9,0.155,-2.68,0.288,1441.7,1783,1445
111219,61.9,0.157,-1.90,0.284,1441.7,1781,1452
111331,61.9,0.157,-1.13,0.280,1441.6,1783,1439
111443,61.9,0.156,-0.61,0.277,1441.6,1774,1445
111555,61.9,0.154,0.17,0.272,1441.6,1778,1441
111667,61.9,0.158,0.94,0.267,1441.5,1795,1443
111779,61.8,0.157,1.68,0.262,1441.5,1803,1441
111891,61.8,0.158,2.47,0.277,1441.4,1777,1431
112003,61.8,0.159,3.00,0.295,1441.4,1789,1438
112115,61.8,0.160,-2.51,0.303,1441.3,1776,1443
112227,61.8,0.162,-1.74,0.338,1441.3,1785,1442
112339,61.8,0.162,-0.96,0.341,1441.3,1776,1440
112451,61.8,0.161,-0.19,0.340,1441.2,1779,1442
112563,61.7,0.160,0.34,0.339,1441.2,1777,1440
112675,61.7,0.160,1.12,0.337,1441.1,1783,1453
112787,61.6,0.155,1.86,0.334,1441.1,1791,1442
112899,61.5,0.148,2.62,0.331,1441.0,1781,1451
113011,61.5,0.150,-2.88,0.327,1441.0,1778,1438
113123,61.5,0.149,-2.36,0.324,1441.0,1779,1439
113235,61.5,0.148,-1.58,0.319,1440.9,1778,1436
113347,61.4,0.146,-0.81,0.314,1440.9,1776,1445
113459,61.4,0.146,-0.03,0.308,1440.9,1776,1436
113571,61.4,0.148,0.76,0.305,1440.8,1781,1440
113683,61.4,0.147,1.29,0.303,1440.8,1776,1443
113795,61.4,0.146,2.07,0.300,1440.7,1790,1429
113907,61.0,0.134,2.82,0.296,1440.7,1791,1439
114019,61.0,0.134,-2.68,0.292,1440.7,1785,1456
114131,61.0,0.134,-1.91,0.327,1440.6,1782,1426
114243,60.9,0.134,-1.39,0.339,1440.6,1760,1440
114355,60.8,0.133,-0.61,0.340,1440.6,1777,1431
114467,60.7,0.129,-1.40,0.340,1440.5,1759,1440
114579,60.7,0.127,-0.67,0.338,1440.5,1776,1439
114691,60.7,0.125,0.07,0.335,1440.4,1779,1449
114803,60.7,0.125,0.56,0.333,1440.4,1785,1442
114915,60.1,0.126,1.24,0.330,1440.4,1781,1438
115027,60.0,0.124,1.96,0.326,1440.3,1786,1441
115139,60.0,0.126,2.72,0.321,1440.3,1787,1443
115251,60.0,0.127,-2.82,0.316,1440.3,1777,1459
115363,59.9,0.129,-2.34,0.316,1440.2,1777,1442
115475,59.8,0.130,-1.62,0.315,1440.2,1776,1458
115587,59.8,0.128,-0.89,0.313,1440.2,1778,1437
115699,59.8,0.126,-0.15,0.311,1440.1,1777,1467
115811,59.8,0.124,0.60,0.307,1440.1,1787,1441
115923,59.8,0.125,1.08,0.305,1440.1,1817,1442
116035,59.6,0.121,1.76,0.301,1440.0,1783,1441
116147,59.6,0.122,2.50,0.297,1440.0,1785,1445
116259,59.6,0.122,-3.04,0.292,1440.0,1781,1443
116371,59.5,0.125,-2.30,0.288,1439.9,1776,1435
116483,59.4,0.126,-1.83,0.288,1439.9,1779,1453
116595,59.4,0.124,-1.11,0.286,1439.9,1779,1445
116707,59.4,0.122,-0.37,0.284,1439.8,1782,1419
116819,59.5,0.118,0.37,0.282,1439.8,1779,1444
116931,59.5,0.116,1.12,0.279,1439.8,1780,1444
117043,59.5,0.115,1.59,0.276,1439.8,1796,1444
117155,59.5,0.102,2.26,0.273,1439.7,1776,1440
117267,59.4,0.105,3.01,0.269,1439.7,1777,1445
117379,59.4,0.106,-2.53,0.265,1439.7,1784,1437
117491,59.3,0.108,-1.80,0.261,1439.6,1777,1445
117603,59.3,0.107,-1.33,0.259,1439.6,1778,1444
117715,59.3,0.105,-0.59,0.265,1439.6,1776,1441
117827,59.4,0.102,0.15,0.265,1439.5,1777,1444
117939,59.4,0.101,0.90,0.264,1439.5,1789,1449
118051,59.3,0.099,1.56,0.263,1439.5,1779,1436
118163,59.3,0.097,2.04,0.262,1439.5,1776,1439
118275,59.2,0.101,2.79,0.260,1439.4,1791,1443
118387,59.2,0.101,-2.75,0.257,1439.4,1778,1443
118499,59.2,0.103,-2.02,0.254,1439.4,1778,1433
118611,59.2,0.103,-1.30,0.251,1439.3,1782,1454
118723,59.2,0.102,-0.81,0.292,1439.3,1776,1392
118835,59.2,0.099,-0.07,0.309,1439.3,1780,1439
118947,59.1,0.106,0.64,0.309,1439.3,1802,1441
119059,59.0,0.107,1.32,0.308,1439.2,1779,1449
119171,59.0,0.108,2.08,0.306,1439.2,1777,1445
119283,59.0,0.109,2.58,0.305,1439.2,1785,1440
119395,59.0,0.112,-2.96,0.302,1439.1,1777,1443
119507,59.0,0.116,-2.23,0.298,1439.1,1776,1441
119619,59.0,0.116,-1.51,0.295,1439.1,1776,1441
119731,59.0,0.115,-0.78,0.290,1439.1,1778,1444
119843,59.0,0.112,-0.29,0.288,1439.0,1777,1424
119955,59.0,0.110,0.46,0.283,1439.0,1775,1439
120067,58.9,0.113,1.14,0.279,1439.0,1806,1447
120179,58.7,0.103,1.78,0.274,1439.0,1780,1448
120291,58.6,0.105,2.53,0.269,1439.0,1781,1444
120403,58.8,0.106,3.03,0.267,1438.9,1788,1446
120515,58.8,0.108,-2.52,0.263,1438.9,1777,1445
120627,58.8,0.110,-1.80,0.259,1438.9,1781,1444
120739,58.6,0.108,-1.08,0.254,1438.9,1782,1444
120851,58.1,0.104,-2.01,0.250,1438.8,1776,1449
120963,57.6,0.105,-1.56,0.247,1438.8,1778,1449
121075,57.1,0.104,-0.88,0.242,1438.8,1776,1445
121187,57.0,0.106,-0.17,0.238,1438.8,1798,1453
121299,56.4,0.119,0.49,0.233,1438.8,1792,1444
121411,55.9,0.119,1.19,0.227,1438.7,1781,1445
121523,56.0,0.118,1.67,0.224,1438.7,1780,1446
121635,56.0,0.118,2.39,0.219,1438.7,1783,1443
121747,56.0,0.125,3.10,0.214,1438.7,1786,1443
121859,55.9,0.131,-2.50,0.209,1438.7,1779,1447
121971,55.8,0.133,-1.81,0.203,1438.7,1779,1441
122083,55.8,0.133,-1.35,0.200,1438.6,1782,1437
122195,55.7,0.130,-0.66,0.195,1438.6,1783,1450
122307,55.7,0.128,0.04,0.190,1438.6,1779,1447
122419,55.5,0.139,0.69,0.185,1438.6,1802,1443
122531,55.4,0.140,1.34,0.180,1438.6,1776,1454
122643,55.4,0.139,1.83,0.176,1438.6,1781,1449
122755,55.5,0.140,2.55,0.172,1438.5,1783,1446
122867,55.5,0.146,-3.03,0.167,1438.5,1777,1455
122979,55.5,0.153,-2.35,0.162,1438.5,1776,1449
123091,55.4,0.155,-1.67,0.157,1438.5,1776,1443
123203,55.3,0.154,-1.21,0.154,1438.5,1780,1447
123315,55.3,0.151,-0.52,0.150,1438.5,1778,1456
123427,55.3,0.146,0.18,0.146,1438.5,1766,1447
123539,55.2,0.156,0.84,0.141,1438.4,1798,1456
123651,55.0,0.150,1.47,0.137,1438.4,1789,1454
123763,55.0,0.152,1.95,0.134,1438.4,1783,1446
123875,55.1,0.152,2.66,0.130,1438.4,1787,1452
123987,55.1,0.158,-2.92,0.127,1438.4,1782,1455
124099,55.1,0.164,-2.24,0.123,1438.4,1778,1451
124211,55.1,0.165,-1.55,0.119,1438.4,1776,1452
124323,55.0,0.164,-1.10,0.117,1438.4,1783,1458
124435,54.9,0.159,-0.40,0.113,1438.4,1775,1449
124547,55.0,0.167,0.30,0.110,1438.3,1805,1447
124659,55.0,0.169,0.92,0.106,1438.3,1788,1455
124771,55.0,0.168,1.62,0.103,1438.3,1779,1453
124883,55.1,0.168,2.11,0.101,1438.3,1781,1447
124995,55.1,0.167,2.82,0.098,1438.3,1779,1453
125107,55.1,0.175,-2.77,0.095,1438.3,1763,1450
125219,55.1,0.180,-2.09,0.092,1438.3,1783,1447
125331,55.1,0.180,-1.41,0.089,1438.3,1787,1456
125443,55.0,0.178,-0.95,0.088,1438.3,1779,1457
125555,54.9,0.173,-0.25,0.085,1438.3,1782,1449
125667,55.0,0.180,0.44,0.083,1438.3,1805,1456
125779,55.0,0.178,1.07,0.081,1438.2,1777,1453
125891,55.0,0.178,1.79,0.080,1438.2,1777,1456
126003,55.1,0.179,2.26,0.079,1438.2,1779,1455
126115,55.1,0.179,2.97,0.078,1438.2,1775,1454
126227,55.2,0.189,-2.63,0.077,1438.2,1783,1447
126339,55.1,0.189,-1.94,0.077,1438.2,1783,1455
126451,55.1,0.189,-1.25,0.086,1438.2,1779,1454
126563,55.0,0.187,-0.79,0.087,1438.2,1776,1452
126675,55.0,0.180,-0.10,0.087,1438.2,1780,1456
126787,55.1,0.189,0.58,0.087,1438.2,1799,1456
126899,55.1,0.188,1.26,0.087,1438.2,1779,1451
127011,55.2,0.188,1.99,0.086,1438.2,1775,1455
127123,55.2,0.189,2.46,0.086,1438.2,1771,1459
127235,55.2,0.195,-3.12,0.085,1438.2,1775,1455
127347,55.3,0.200,-2.43,0.085,1438.2,1788,1455
127459,55.3,0.201,-1.74,0.085,1438.2,1776,1457
127571,55.3,0.201,-1.04,0.089,1438.2,1781,1456
127683,55.2,0.198,-0.57,0.089,1438.1,1777,1453
127795,55.2,0.196,0.13,0.095,1438.1,1783,1457
127907,55.3,0.205,0.78,0.118,1438.1,1767,1454
128019,55.3,0.204,1.46,0.146,1438.1,1777,1461
128131,55.3,0.203,2.17,0.151,1438.1,1779,1454
128243,55.3,0.200,2.64,0.151,1438.1,1786,1456
128355,55.3,0.202,-2.95,0.197,1438.1,1776,1454
128467,55.3,0.206,-2.26,0.208,1438.1,1789,1458
128579,55.3,0.207,-1.57,0.208,1438.1,1779,1454
128691,55.2,0.204,-0.89,0.208,1438.1,1776,1456
128803,55.1,0.199,-0.43,0.207,1438.1,1780,1459
128915,55.1,0.201,0.27,0.205,1438.1,1804,1449
129027,55.3,0.198,0.90,0.204,1438.1,1785,1456
129139,55.3,0.197,1.61,0.204,1438.1,1791,1476
129251,55.3,0.196,2.32,0.203,1438.1,1790,1455
129363,55.4,0.201,2.79,0.203,1438.1,1737,1456
129475,55.5,0.209,-2.79,0.204,1438.1,1783,1456
129587,55.6,0.212,-2.11,0.205,1438.1,1776,1456
129699,55.5,0.214,-1.43,0.204,1438.1,1782,1456
129811,55.4,0.210,-0.74,0.203,1438.1,1776,1461
129923,55.4,0.206,-0.27,0.202,1438.1,1779,1457
130035,55.6,0.216,0.41,0.200,1438.1,1807,1454
130147,55.6,0.212,1.06,0.198,1438.1,1779,1463
130259,55.6,0.209,1.79,0.197,1438.1,1783,1475
130371,55.7,0.209,2.49,0.286,1438.1,1786,1459
130483,55.7,0.215,2.97,0.382,1438.1,1777,1459
130595,55.8,0.223,-2.62,0.430,1438.1,1776,1456
130707,55.8,0.227,-1.94,0.439,1438.1,1779,1459
130819,55.7,0.229,-1.25,0.438,1438.1,1776,1456
130931,55.7,0.225,-0.56,0.436,1438.1,1776,1453
131043,55.6,0.222,-0.09,0.434,1438.0,1789,1460
131155,55.8,0.240,0.57,0.430,1438.0,1826,1461
131267,55.8,0.237,1.24,0.426,1438.0,1776,1457
131379,55.8,0.232,1.97,0.420,1438.1,1795,1447
131491,55.8,0.234,2.67,0.417,1438.1,1787,1457
131603,55.9,0.239,-3.14,0.416,1438.1,1775,1458
131715,55.9,0.245,-2.45,0.414,1438.1,1781,1457
131827,55.9,0.251,-1.76,0.412,1438.1,1779,1461
131939,55.8,0.253,-1.08,0.408,1438.1,1776,1460
132051,55.8,0.247,-0.39,0.404,1438.1,1779,1471
132163,55.7,0.242,0.08,0.401,1438.1,1787,1461
132275,55.8,0.269,0.74,0.395,1438.1,1739,1456
132387,55.7,0.271,1.42,0.389,1438.1,1786,1458
132499,55.8,0.271,2.14,0.384,1438.1,1787,1462
132611,55.8,0.270,2.85,0.388,1438.1,1776,1443
132723,55.8,0.277,-2.97,0.388,1438.1,1779,1457
132835,55.8,0.283,-2.28,0.387,1438.1,1781,1466
132947,55.8,0.285,-1.59,0.384,1438.1,1776,1456
133059,55.8,0.282,-0.91,0.381,1438.1,1779,1475
133171,55.7,0.276,-0.21,0.378,1438.1,1779,1462
133283,55.7,0.274,0.26,0.375,1438.1,1788,1458
133395,55.7,0.273,0.90,0.370,1438.1,1811,1459
133507,55.7,0.265,1.58,0.365,1438.1,1803,1458
133619,55.7,0.262,2.30,0.359,1438.1,1779,1455
133731,55.8,0.266,3.01,0.363,1438.1,1776,1470
133843,55.8,0.275,-2.81,0.362,1438.1,1781,1457
133955,55.8,0.281,-2.13,0.370,1438.1,1776,1456
134067,55.8,0.282,-1.43,0.370,1438.1,1777,1455
134179,55.7,0.280,-0.73,0.369,1438.1,1776,1458
134291,55.7,0.273,-0.03,0.367,1438.1,1776,1441
134403,55.7,0.270,0.44,0.365,1438.1,1785,1456
134515,55.6,0.264,1.07,0.362,1438.1,1803,1456
134627,55.5,0.241,1.71,0.358,1438.1,1776,1454
134739,55.6,0.242,2.43,0.353,1438.1,1793,1456
134851,55.6,0.242,3.13,0.348,1438.1,1781,1457
134963,55.6,0.249,-2.69,0.345,1438.1,1774,1445
135075,55.6,0.253,-2.02,0.340,1438.1,1754,1449
135187,55.5,0.251,-1.33,0.334,1438.2,1779,1453
135299,55.5,0.248,-0.64,0.328,1438.2,1776,1447
135411,55.5,0.243,0.06,0.322,1438.2,1776,1454
135523,55.4,0.240,0.53,0.317,1438.2,1779,1456
135635,55.4,0.235,1.18,0.311,1438.2,1807,1450
135747,55.3,0.217,1.83,0.304,1438.2,1764,1442
135859,55.3,0.219,2.55,0.300,1438.2,1789,1489
135971,55.3,0.220,-3.03,0.296,1438.2,1776,1438
136083,55.4,0.226,-2.57,0.295,1438.2,1777,1439
136195,55.3,0.229,-1.89,0.293,1438.2,1777,1451
136307,55.3,0.228,-1.20,0.290,1438.2,1785,1454
136419,55.2,0.223,-0.51,0.286,1438.2,1779,1446
136531,55.2,0.217,0.19,0.283,1438.2,1775,1445
136643,55.2,0.216,0.66,0.281,1438.2,1795,1440
136755,55.1,0.204,1.26,0.277,1438.3,1807,1443
136867,54.9,0.186,1.89,0.322,1438.3,1791,1424
136979,55.0,0.188,2.61,0.346,1438.3,1791,1457
137091,55.1,0.194,-2.97,0.347,1438.3,1787,1442
137203,55.1,0.201,-2.51,0.346,1438.3,1745,1439
137315,55.1,0.204,-1.84,0.345,1438.3,1787,1439
137427,55.0,0.202,-1.16,0.343,1438.3,1777,1435
137539,54.9,0.197,-0.47,0.342,1438.3,1782,1445
137651,54.8,0.190,0.24,0.339,1438.3,1789,1437
137763,54.8,0.190,0.70,0.338,1438.3,1798,1437
137875,54.7,0.182,1.29,0.335,1438.3,1795,1429
137987,54.6,0.177,1.99,0.361,1438.4,1765,1438
138099,54.8,0.179,2.71,0.409,1438.4,1791,1457
138211,54.8,0.182,-2.87,0.432,1438.4,1781,1434
138323,54.9,0.189,-2.42,0.433,1438.4,1779,1448
138435,54.9,0.190,-1.74,0.432,1438.4,1785,1437
138547,54.8,0.189,-1.05,0.430,1438.4,1776,1456
138659,54.7,0.183,-0.36,0.428,1438.4,1781,1434
138771,54.5,0.175,0.35,0.424,1438.4,1782,1437
138883,54.5,0.175,0.81,0.421,1438.4,1782,1433
138995,54.1,0.177,-0.55,0.416,1438.4,1803,1430
139107,53.8,0.179,0.12,0.410,1438.4,1781,1437
139219,54.0,0.172,0.79,0.404,1438.4,1783,1430
139331,54.1,0.171,1.46,0.398,1438.4,1778,1447
139443,54.2,0.172,1.93,0.393,1438.4,1782,1451
139555,54.1,0.178,2.62,0.386,1438.5,1779,1427
139667,54.0,0.182,-3.00,0.379,1438.5,1789,1441
139779,53.8,0.189,-2.34,0.374,1438.5,1782,1426
139891,53.6,0.192,-1.70,0.370,1438.5,1785,1424
140003,53.7,0.193,-1.22,0.368,1438.5,1813,1430
140115,53.6,0.195,-0.48,0.363,1438.5,1781,1425
140227,53.7,0.188,0.18,0.359,1438.5,1791,1424
140339,53.7,0.186,0.84,0.354,1438.5,1779,1441
140451,53.9,0.183,1.54,0.349,1438.5,1757,1431
140563,54.1,0.181,2.01,0.346,1438.5,1773,1429
140675,54.0,0.186,2.69,0.341,1438.6,1799,1431
140787,53.8,0.196,-2.93,0.335,1438.6,1776,1426
140899,53.6,0.202,-2.28,0.331,1438.6,1777,1424
141011,53.6,0.205,-1.63,0.327,1438.6,1787,1427
141123,53.6,0.206,-1.15,0.325,1438.6,1808,1427
141235,53.5,0.213,-0.42,0.320,1438.6,1781,1424
141347,53.6,0.208,0.25,0.315,1438.6,1777,1426
141459,53.6,0.203,0.91,0.325,1438.6,1792,1427
141571,53.8,0.198,1.61,0.341,1438.6,1777,1424
141683,53.9,0.198,2.08,0.341,1438.6,1773,1421
141795,53.8,0.204,2.76,0.340,1438.7,1777,1424
141907,53.6,0.218,-2.86,0.339,1438.7,1776,1424
142019,53.6,0.222,-2.21,0.338,1438.7,1782,1430
142131,53.5,0.224,-1.55,0.336,1438.7,1777,1424
142243,53.5,0.225,-1.10,0.335,1438.7,1794,1424
142355,53.4,0.236,-0.37,0.332,1438.7,1798,1424
142467,53.3,0.234,0.30,0.329,1438.7,1719,1420
142579,53.5,0.214,0.98,0.337,1438.7,1763,1424
142691,53.5,0.213,1.66,0.358,1438.8,1779,1431
142803,53.6,0.215,2.12,0.368,1438.8,1775,1424
142915,53.5,0.220,2.80,0.369,1438.8,1783,1430
143027,53.5,0.227,-2.83,0.368,1438.8,1746,1424
143139,53.4,0.232,-2.17,0.366,1438.8,1778,1445
143251,53.4,0.233,-1.52,0.364,1438.8,1778,1423
143363,53.4,0.236,-1.06,0.361,1438.8,1806,1424
143475,53.3,0.249,-0.34,0.358,1438.9,1786,1427
143587,53.3,0.245,0.33,0.353,1438.9,1802,1423
143699,53.3,0.243,0.99,0.350,1438.9,1779,1418
143811,53.2,0.245,1.65,0.350,1438.9,1776,1418
143923,53.3,0.248,2.11,0.349,1438.9,1791,1424
144035,53.2,0.254,2.79,0.347,1438.9,1786,1436
144147,53.2,0.262,-2.83,0.345,1438.9,1783,1421
144259,53.2,0.267,-2.18,0.342,1439.0,1779,1422
144371,53.2,0.269,-1.51,0.339,1439.0,1808,1424
144483,53.2,0.260,-0.99,0.336,1439.0,1802,1424
144595,53.2,0.259,-0.30,0.332,1439.0,1780,1426
144707,53.3,0.240,0.37,0.327,1439.0,1790,1426
144819,53.3,0.236,1.04,0.322,1439.0,1776,1420
144931,53.4,0.230,1.74,0.317,1439.1,1782,1430
145043,53.4,0.232,2.20,0.315,1439.1,1785,1424
145155,53.4,0.243,2.88,0.349,1439.1,1779,1408
145267,53.3,0.255,-2.75,0.363,1439.1,1781,1430
145379,53.3,0.260,-2.09,0.363,1439.1,1790,1429
145491,53.3,0.262,-1.42,0.361,1439.2,1834,1425
145603,53.3,0.260,-0.91,0.360,1439.2,1808,1424
145715,53.2,0.261,-0.21,0.357,1439.2,1779,1424
145827,53.3,0.243,0.46,0.354,1439.2,1783,1423
145939,53.4,0.236,1.13,0.351,1439.2,1797,1429
146051,53.5,0.234,1.83,0.347,1439.2,1776,1423
146163,53.5,0.235,2.30,0.344,1439.3,1785,1424
146275,53.4,0.244,2.97,0.339,1439.3,1782,1425
146387,53.4,0.254,-2.66,0.334,1439.3,1779,1418
146499,53.3,0.261,-2.01,0.329,1439.3,1778,1425
146611,53.3,0.262,-1.33,0.323,1439.3,1813,1426
146723,53.3,0.255,-0.83,0.320,1439.4,1792,1423
146835,53.3,0.251,-0.15,0.315,1439.4,1783,1425
146947,53.3,0.245,0.51,0.309,1439.4,1792,1434
147059,53.3,0.246,1.17,0.303,1439.4,1783,1425
147171,53.4,0.241,1.88,0.298,1439.4,1782,1426
147283,53.4,0.243,2.33,0.295,1439.5,1776,1450
147395,53.4,0.250,3.00,0.291,1439.5,1783,1421
147507,53.3,0.260,-2.62,0.287,1439.5,1781,1423
147619,53.5,0.245,-1.92,0.283,1439.5,1807,1425
147731,53.7,0.217,-1.17,0.299,1439.5,1788,1423
147843,53.7,0.214,-0.73,0.299,1439.6,1790,1429
147955,53.8,0.205,-0.07,0.298,1439.6,1789,1421
148067,53.9,0.198,0.60,0.297,1439.6,1776,1424
148179,54.2,0.188,1.29,0.295,1439.6,1781,1429
148291,54.3,0.188,1.98,0.293,1439.6,1785,1424
148403,54.3,0.192,2.43,0.291,1439.7,1783,1447
148515,54.2,0.199,3.10,0.294,1439.7,1783,1426
148627,54.0,0.206,-2.52,0.295,1439.7,1779,1426
148739,54.1,0.202,-1.83,0.308,1439.7,1810,1426
148851,54.7,0.204,0.88,0.334,1439.7,1776,1424
148963,54.7,0.203,1.35,0.347,1439.8,1802,1423
149075,54.8,0.201,2.07,0.348,1439.8,1789,1427
149187,55.0,0.206,2.78,0.347,1439.8,1780,1426
149299,55.2,0.219,-2.80,0.345,1439.8,1776,1424
149411,55.3,0.225,-2.11,0.344,1439.8,1781,1424
149523,55.2,0.226,-1.66,0.342,1439.9,1776,1431
149635,55.1,0.223,-0.97,0.339,1439.9,1779,1423
149747,55.0,0.219,-0.28,0.336,1439.9,1776,1423
149859,55.0,0.218,0.42,0.332,1439.9,1790,1425
149971,55.0,0.224,1.05,0.327,1439.9,1807,1427
150083,54.9,0.217,1.48,0.324,1440.0,1776,1424
150195,55.0,0.219,2.20,0.340,1440.0,1784,1426
150307,55.1,0.220,2.91,0.341,1440.0,1763,1421
150419,55.1,0.228,-2.68,0.340,1440.0,1779,1451
150531,55.2,0.231,-2.00,0.342,1440.1,1778,1435
150643,55.1,0.230,-1.55,0.348,1440.1,1782,1424
150755,55.0,0.225,-0.86,0.348,1440.1,1780,1424
150867,54.9,0.220,-0.16,0.347,1440.1,1778,1424
150979,54.8,0.219,0.54,0.345,1440.1,1793,1436
151091,54.8,0.214,1.15,0.342,1440.2,1790,1425
151203,54.7,0.202,1.58,0.340,1440.2,1770,1427
151315,54.9,0.206,2.31,0.339,1440.2,1785,1455
151427,55.0,0.206,3.02,0.338,1440.2,1791,1433
151539,55.1,0.216,-2.58,0.336,1440.2,1790,1431
151651,55.1,0.219,-1.90,0.334,1440.3,1777,1427
151763,55.0,0.219,-1.44,0.333,1440.3,1789,1429
151875,54.9,0.216,-0.75,0.331,1440.3,1780,1425
151987,54.8,0.208,-0.05,0.328,1440.3,1787,1427
152099,54.7,0.206,0.65,0.324,1440.3,1785,1426
152211,54.6,0.204,1.26,0.320,1440.4,1767,1428
152323,54.4,0.193,1.69,0.318,1440.4,1785,1425
152435,54.6,0.196,2.40,0.321,1440.4,1781,1371
152547,54.6,0.196,3.11,0.506,1440.4,1792,1426
152659,54.7,0.204,-2.48,0.547,1440.5,1778,1428
152771,54.7,0.206,-1.80,0.549,1440.5,1777,1435
152883,54.7,0.204,-1.34,0.548,1440.5,1786,1424
152995,54.4,0.197,-0.66,0.545,1440.5,1782,1439
153107,54.1,0.201,-2.15,0.542,1440.5,1784,1426
153219,54.0,0.203,-1.50,0.537,1440.6,1782,1424
153331,53.9,0.212,-0.78,0.532,1440.6,1795,1431
153443,53.5,0.215,-0.31,0.566,1440.6,1779,1425
153555,53.5,0.213,0.35,0.606,1440.6,1783,1426
153667,53.6,0.207,1.02,0.620,1440.6,1781,1429
153779,53.7,0.207,1.71,0.628,1440.7,1783,1429
153891,53.7,0.211,2.41,0.627,1440.7,1780,1431
154003,53.7,0.214,2.86,0.625,1440.7,1776,1428
154115,53.5,0.224,-2.77,0.621,1440.7,1783,1426
154227,53.3,0.231,-2.12,0.616,1440.7,1779,1431
154339,53.3,0.232,-1.48,0.609,1440.8,1776,1429
154451,53.2,0.240,-0.77,0.602,1440.8,1808,1426
154563,53.1,0.240,-0.30,0.596,1440.8,1783,1437
154675,53.2,0.224,0.37,0.587,1440.8,1777,1433
154787,53.3,0.212,1.04,0.577,1440.8,1783,1424
154899,53.4,0.213,1.73,0.567,1440.9,1776,1440
155011,53.4,0.218,2.42,0.558,1440.9,1776,1434
155123,53.4,0.221,2.87,0.553,1440.9,1775,1439
155235,53.3,0.225,-2.75,0.545,1440.9,1776,1435
155347,53.3,0.225,-2.08,0.536,1441.0,1794,1440
155459,53.8,0.195,-1.29,0.526,1441.0,1795,1438
155571,53.9,0.191,-0.60,0.516,1441.0,1777,1442
155683,54.0,0.175,-0.17,0.509,1441.0,1765,1440
155795,54.2,0.170,0.50,0.499,1441.1,1787,1443
155907,54.5,0.170,-2.90,0.488,1441.1,1776,1439
156019,54.7,0.177,-2.23,0.476,1441.1,1787,1451
156131,54.7,0.177,-1.52,0.465,1441.2,1779,1447
156243,54.6,0.176,-1.06,0.457,1441.2,1774,1447
156355,54.8,0.181,-0.35,0.446,1441.2,1798,1450
156467,55.2,0.190,0.35,0.434,1441.3,1776,1447
156579,55.2,0.178,1.08,0.425,1441.3,1783,1441
156691,55.2,0.175,1.78,0.422,1441.4,1786,1449
156803,55.2,0.178,2.26,0.447,1441.4,1776,1442
156915,55.5,0.191,2.98,0.626,1441.4,1808,1430
157027,55.5,0.194,-2.60,0.719,1441.4,1785,1439
157139,55.5,0.193,-1.89,0.736,1441.5,1808,1424
157251,55.8,0.184,-1.08,0.755,1441.5,1820,1424
157363,55.8,0.185,-0.59,0.796,1441.5,1791,1441
157475,55.7,0.170,0.10,0.813,1441.6,1776,1430
157587,55.7,0.169,0.81,0.813,1441.6,1785,1435
157699,55.7,0.166,1.54,0.812,1441.6,1776,1445
157811,55.8,0.164,2.28,0.811,1441.6,1785,1437
157923,55.9,0.168,2.75,0.810,1441.6,1776,1435
158035,55.6,0.140,-2.81,0.807,1441.7,1820,1424
158147,55.1,0.098,-2.01,0.870,1441.7,1781,1442
158259,55.0,0.096,-1.35,0.958,1441.7,1777,1437
158371,54.7,0.090,-0.68,0.968,1441.7,1765,1429
158483,54.4,0.085,2.62,0.967,1441.7,1778,1426
158595,54.0,0.097,-3.00,0.964,1441.7,1783,1440
158707,53.5,0.101,-2.35,0.959,1441.7,1776,1433
158819,53.4,0.103,-1.70,0.952,1441.7,1785,1443
158931,53.3,0.106,-0.98,0.944,1441.7,1819,1441
159043,53.0,0.110,-0.47,0.938,1441.8,1793,1445
159155,52.9,0.111,0.20,0.928,1441.8,1782,1458
159267,53.0,0.103,0.88,0.916,1441.8,1791,1446
159379,53.0,0.103,-3.09,0.910,1441.8,1780,1441
159491,53.6,0.110,-2.26,0.903,1441.8,1776,1438
159603,54.1,0.110,-1.72,0.897,1441.8,1777,1444
159715,53.6,0.113,-2.86,0.887,1441.8,1771,1435
159827,53.0,0.118,-2.22,0.876,1441.8,1780,1442
159939,52.8,0.118,-1.53,0.864,1441.8,1811,1442
160051,53.1,0.117,0.75,0.850,1441.8,1801,1439
160163,53.7,0.117,1.30,0.841,1441.8,1781,1434
160275,54.2,0.116,2.15,0.826,1441.8,1789,1446
160387,54.8,0.119,2.98,0.811,1441.8,1782,1443
160499,55.4,0.128,-2.50,0.795,1441.8,1778,1447
160611,56.1,0.130,-1.71,0.778,1441.8,1776,1455
160723,56.7,0.129,-1.18,0.767,1441.8,1787,1454
160835,57.4,0.127,-1.30,0.750,1441.8,1802,1453
160947,58.0,0.139,0.43,0.733,1441.8,1841,1451
161059,58.7,0.145,0.32,0.716,1441.8,1776,1451
161171,59.4,0.138,2.05,0.699,1441.8,1793,1445
161283,60.1,0.139,2.61,0.687,1441.8,1789,1445
161395,60.8,0.147,-2.85,0.670,1441.8,1782,1449
161507,61.6,0.152,-2.05,0.653,1441.8,1782,1486
161619,62.3,0.153,-2.25,0.636,1441.8,1783,1447
161731,63.1,0.155,-1.48,0.621,1441.9,1792,1472
161843,63.9,0.161,0.11,0.613,1441.9,1810,1453
161955,63.9,0.168,-0.10,0.599,1441.9,1786,1453
162067,63.9,0.166,1.70,0.586,1441.9,1792,1456
162179,64.1,0.166,2.54,0.573,1441.9,1783,1451
162291,64.2,0.174,-2.92,0.559,1441.9,1776,1454
162403,64.2,0.179,-2.38,0.550,1441.9,1781,1456
162515,64.0,0.179,-1.59,0.536,1441.9,1771,1456
162627,63.9,0.181,-1.91,0.522,1441.9,1782,1393
162739,63.8,0.181,-1.14,0.509,1441.9,1791,1456
162851,63.7,0.191,-0.31,0.495,1441.9,1807,1472
162963,63.6,0.194,0.21,0.487,1441.9,1787,1457
163075,63.7,0.187,1.01,0.474,1441.9,1787,1458
163187,63.8,0.183,1.80,0.461,1441.9,1786,1458
163299,63.8,0.186,2.60,0.448,1441.9,1776,1461
163411,63.7,0.192,-2.90,0.436,1441.9,1766,1460
163523,63.6,0.196,-2.38,0.428,1442.0,1791,1462
163635,63.5,0.199,-1.62,0.416,1442.0,1797,1459
163747,63.4,0.198,-0.84,0.404,1442.0,1786,1456
163859,63.3,0.207,-0.05,0.392,1442.0,1811,1459
163971,63.0,0.212,0.70,0.381,1442.0,1788,1457
164083,63.0,0.209,1.24,0.373,1442.0,1781,1459
164195,63.1,0.206,2.04,0.363,1442.0,1789,1459
164307,63.1,0.212,2.83,0.356,1442.0,1779,1452
164419,63.0,0.219,-2.67,0.357,1442.0,1782,1439
164531,62.9,0.222,-1.90,0.430,1442.0,1793,1459
164643,62.9,0.223,-1.39,0.492,1442.0,1770,1456
164755,62.8,0.218,-0.62,0.554,1442.1,1765,1458
164867,62.8,0.219,0.16,0.571,1442.1,1803,1462
164979,62.4,0.217,0.88,0.571,1442.1,1797,1459
165091,62.4,0.215,1.65,0.569,1442.1,1789,1460
165203,62.4,0.215,2.19,0.568,1442.1,1776,1461
165315,62.4,0.217,2.98,0.564,1442.1,1785,1462
165427,62.4,0.222,-2.53,0.560,1442.1,1786,1483
165539,62.3,0.222,-1.77,0.555,1442.1,1777,1462
165651,62.3,0.220,-1.00,0.594,1442.1,1787,1458
165763,62.3,0.216,-0.49,0.603,1442.1,1787,1484
165875,62.2,0.216,0.29,0.603,1442.1,1799,1482
165987,62.0,0.212,1.01,0.601,1442.1,1802,1466
166099,62.0,0.208,1.77,0.597,1442.1,1779,1475
166211,62.0,0.209,2.57,0.593,1442.1,1791,1462
166323,62.0,0.211,3.09,0.589,1442.1,1785,1462
166435,62.0,0.219,-2.42,0.582,1442.1,1778,1459
166547,61.9,0.217,-1.66,0.575,1442.1,1781,1461
166659,61.9,0.215,-0.89,0.567,1442.1,1779,1478
166771,61.8,0.212,-0.11,0.558,1442.1,1779,1457
166883,61.8,0.208,0.41,0.551,1442.1,1791,1459
166995,61.7,0.205,1.13,0.542,1442.1,1808,1470
167107,61.5,0.190,1.86,0.531,1442.1,1776,1456
167219,61.6,0.193,2.66,0.521,1442.1,1797,1468
167331,61.6,0.196,-2.84,0.510,1442.1,1776,1456
167443,61.6,0.203,-2.33,0.503,1442.1,1775,1457
167555,61.5,0.200,-1.58,0.493,1442.1,1784,1463
167667,61.4,0.194,-0.82,0.482,1442.1,1786,1461
167779,61.4,0.193,-0.04,0.471,1442.1,1785,1485
167891,61.4,0.192,0.75,0.461,1442.1,1786,1491
168003,61.3,0.191,1.23,0.453,1442.1,1812,1463
168115,60.8,0.166,1.92,0.445,1442.1,1783,1472
168227,61.0,0.172,2.72,0.445,1442.1,1788,1471
168339,61.1,0.175,-2.78,0.443,1442.1,1787,1461
168451,61.0,0.180,-2.02,0.441,1442.1,1778,1463
168563,60.9,0.178,-1.53,0.439,1442.1,1783,1465
168675,60.6,0.176,-2.20,0.435,1442.1,1776,1459
168787,60.3,0.177,-1.48,0.430,1442.1,1782,1462
168899,60.2,0.174,-0.74,0.425,1442.1,1791,1458
169011,60.0,0.184,0.00,0.420,1442.1,1815,1458
169123,59.3,0.188,0.47,0.417,1442.1,1744,1466
169235,59.4,0.184,1.23,0.413,1442.1,1781,1459
169347,59.5,0.181,1.99,0.409,1442.1,1819,1459
169459,59.5,0.184,2.73,0.405,1442.1,1776,1474
169571,59.4,0.194,-2.81,0.400,1442.1,1781,1455
169683,59.3,0.197,-2.32,0.397,1442.1,1782,1467
169795,59.2,0.198,-1.59,0.391,1442.1,1776,1460
169907,59.2,0.195,-0.86,0.389,1442.1,1779,1459
170019,59.1,0.197,-0.12,0.386,1442.1,1802,1462
170131,58.8,0.201,0.58,0.542,1442.1,1791,1431
170243,58.8,0.201,1.06,0.620,1442.1,1777,1456
170355,58.8,0.198,1.82,0.656,1442.1,1793,1467
170467,58.9,0.198,2.57,0.657,1442.1,1776,1456
170579,58.9,0.208,-2.97,0.655,1442.1,1781,1458
170691,58.8,0.214,-2.24,0.657,1442.1,1781,1459
170803,58.7,0.216,-1.76,0.659,1442.0,1779,1453
170915,58.7,0.214,-1.04,0.658,1442.0,1787,1451
171027,58.6,0.208,-0.30,0.669,1442.0,1776,1455
171139,58.6,0.208,0.44,0.670,1442.0,1809,1456
171251,58.4,0.204,1.10,0.669,1442.0,1791,1441
171363,58.3,0.201,1.58,0.668,1442.0,1777,1449
171475,58.4,0.203,2.35,0.665,1442.0,1811,1456
171587,58.4,0.205,3.09,0.662,1441.9,1782,1458
171699,58.4,0.215,-2.46,0.660,1441.9,1791,1447
171811,58.4,0.216,-1.73,0.659,1441.9,1784,1455
171923,58.3,0.215,-1.25,0.659,1441.9,1776,1453
172035,58.3,0.211,-0.52,0.658,1441.9,1789,1447
172147,58.2,0.205,0.23,0.656,1441.8,1782,1445
172259,58.2,0.209,0.94,0.654,1441.8,1850,1446
172371,57.8,0.186,1.58,0.651,1441.8,1749,1442
172483,57.8,0.185,2.07,0.649,1441.8,1790,1447
172595,57.9,0.189,2.83,0.644,1441.7,1790,1451
172707,57.9,0.193,-2.71,0.639,1441.7,1779,1453
172819,57.9,0.198,-1.99,0.633,1441.7,1783,1470
172931,57.8,0.196,-1.27,0.627,1441.6,1785,1448
173043,57.7,0.192,-0.79,0.623,1441.6,1779,1446
173155,57.4,0.189,-1.62,0.617,1441.6,1779,1451
173267,57.4,0.186,-0.93,0.610,1441.5,1789,1445
173379,57.2,0.196,-0.22,0.602,1441.5,1815,1456
173491,56.6,0.204,0.47,0.594,1441.5,1787,1463
173603,56.7,0.202,0.95,0.589,1441.4,1791,1451
173715,56.8,0.199,1.66,0.580,1441.4,1787,1455
173827,56.8,0.202,2.37,0.571,1441.4,1764,1442
173939,56.7,0.214,3.09,0.561,1441.3,1791,1453
174051,56.6,0.219,-2.50,0.551,1441.3,1781,1451
174163,56.5,0.221,-2.04,0.544,1441.3,1782,1445
174275,56.5,0.221,-1.34,0.534,1441.2,1781,1452
174387,56.5,0.219,-0.65,0.523,1441.2,1778,1451
174499,56.3,0.230,0.06,0.513,1441.2,1816,1453
174611,56.1,0.234,0.73,0.503,1441.1,1785,1449
174723,56.1,0.233,1.21,0.497,1441.1,1785,1479
174835,56.1,0.231,1.92,0.520,1441.1,1781,1446
174947,56.1,0.235,2.63,0.546,1441.0,1761,1437
175059,56.1,0.245,-2.95,0.574,1441.0,1779,1443
175171,56.0,0.250,-2.26,0.585,1440.9,1785,1446
175283,56.0,0.251,-1.80,0.601,1440.9,1777,1439
175395,56.0,0.250,-1.10,0.613,1440.9,1797,1438
175507,56.0,0.248,-0.41,0.620,1440.8,1777,1441
175619,55.9,0.250,0.29,0.645,1440.8,1813,1431
175731,55.7,0.246,0.93,0.659,1440.7,1793,1462
175843,55.7,0.243,1.39,0.675,1440.7,1789,1457
175955,55.7,0.241,2.11,0.689,1440.6,1791,1435
176067,55.7,0.244,2.82,0.689,1440.6,1775,1458
176179,55.7,0.256,-2.77,0.688,1440.5,1786,1405
176291,55.7,0.261,-2.08,0.686,1440.4,1774,1459
176403,55.7,0.262,-1.63,0.684,1440.4,1777,1434
176515,55.6,0.259,-0.94,0.680,1440.3,1772,1439
176627,55.6,0.255,-0.24,0.676,1440.3,1782,1431
176739,55.6,0.256,0.46,0.671,1440.2,1793,1427
176851,55.4,0.262,1.09,0.666,1440.1,1803,1435
176963,55.4,0.251,1.52,0.662,1440.1,1781,1446
177075,55.4,0.253,2.23,0.655,1440.0,1783,1429
177187,55.4,0.255,2.94,0.647,1440.0,1797,1431
177299,55.4,0.266,-2.65,0.640,1439.9,1777,1431
177411,55.4,0.270,-1.97,0.633,1439.8,1805,1431
177523,55.3,0.269,-1.52,0.629,1439.8,1789,1431
177635,55.3,0.266,-0.83,0.621,1439.7,1778,1431
177747,55.2,0.254,-0.13,0.612,1439.7,1778,1430
177859,55.2,0.251,0.57,0.602,1439.6,1793,1433
177971,55.1,0.237,1.20,0.592,1439.5,1801,1431
178083,55.0,0.228,1.64,0.585,1439.5,1788,1436
178195,55.1,0.230,2.36,0.573,1439.4,1781,1431
178307,55.1,0.234,3.07,0.562,1439.3,1775,1430
178419,55.2,0.239,-2.52,0.550,1439.3,1783,1398
178531,55.1,0.242,-1.83,0.540,1439.2,1797,1436
178643,55.1,0.241,-1.37,0.533,1439.2,1794,1421
178755,55.0,0.233,-0.69,0.523,1439.1,1779,1439
178867,54.9,0.224,0.01,0.511,1439.0,1778,1439
178979,55.0,0.233,0.68,0.500,1439.0,1812,1449
179091,54.9,0.224,1.33,0.488,1438.9,1777,1443
179203,55.0,0.224,1.82,0.480,1438.9,1782,1440
179315,55.0,0.225,2.53,0.469,1438.8,1783,1441
179427,55.1,0.231,-3.05,0.457,1438.8,1771,1437
179539,55.1,0.239,-2.36,0.487,1438.7,1792,1439
179651,55.1,0.240,-1.68,0.530,1438.6,1799,1438
179763,55.0,0.239,-1.21,0.532,1438.6,1791,1431
179875,55.0,0.236,-0.52,0.530,1438.5,1785,1442
179987,55.0,0.236,0.18,0.527,1438.5,1798,1442
180099,55.1,0.241,0.83,0.523,1438.4,1801,1430
180211,55.0,0.237,1.50,0.518,1438.4,1788,1443
180323,55.1,0.236,1.98,0.514,1438.4,1792,1444
180435,55.1,0.236,2.69,0.507,1438.3,1791,1441
180547,55.2,0.246,-2.89,0.500,1438.3,1776,1446
180659,55.2,0.248,-2.20,0.492,1438.2,1826,1463
180771,55.2,0.248,-1.51,0.483,1438.2,1783,1442
180883,55.1,0.247,-1.06,0.477,1438.1,1789,1445
180995,55.0,0.243,-0.36,0.467,1438.1,1776,1454
181107,55.0,0.237,0.34,0.459,1438.1,1795,1450
181219,55.0,0.237,0.99,0.451,1438.0,1813,1446
181331,54.9,0.225,1.65,0.442,1438.0,1783,1443
181443,55.0,0.227,2.13,0.435,1438.0,1789,1450
181555,55.0,0.227,2.84,0.426,1437.9,1785,1440
181667,55.1,0.234,-2.75,0.416,1437.9,1783,1441
181779,55.1,0.237,-2.06,0.410,1437.8,1808,1442
181891,55.1,0.237,-1.36,0.404,1437.8,1785,1443
182003,55.0,0.234,-0.91,0.400,1437.8,1779,1450
182115,54.9,0.226,-0.21,0.394,1437.7,1775,1427
182227,54.9,0.228,0.48,0.388,1437.7,1809,1444
182339,54.9,0.220,1.11,0.381,1437.7,1787,1446
182451,55.0,0.220,1.83,0.375,1437.6,1792,1443
182563,55.1,0.220,2.31,0.370,1437.6,1791,1439
182675,55.1,0.222,3.01,0.363,1437.6,1781,1443
182787,55.3,0.231,-2.58,0.356,1437.5,1779,1443
182899,55.3,0.233,-1.89,0.349,1437.5,1786,1442
183011,55.2,0.232,-1.21,0.347,1437.4,1779,1439
183123,55.1,0.228,-0.75,0.364,1437.4,1785,1418
183235,55.3,0.236,-0.04,0.384,1437.4,1833,1442
183347,55.6,0.236,0.63,0.385,1437.3,1791,1437
183459,55.6,0.232,1.35,0.383,1437.3,1782,1438
183571,55.6,0.230,2.06,0.381,1437.3,1791,1435
183683,55.7,0.233,2.53,0.380,1437.2,1783,1439
183795,55.8,0.240,-3.04,0.376,1437.2,1779,1442
183907,55.9,0.246,-2.35,0.372,1437.2,1781,1433
184019,55.8,0.251,-1.67,0.368,1437.1,1790,1445
184131,55.7,0.245,-0.99,0.369,1437.1,1776,1411
184243,55.8,0.247,-0.52,0.371,1437.0,1811,1431
184355,56.0,0.247,0.19,0.370,1437.0,1792,1451
184467,56.0,0.248,0.89,0.368,1437.0,1799,1429
184579,56.0,0.243,1.60,0.366,1436.9,1791,1437
184691,56.1,0.245,2.31,0.363,1436.9,1776,1437
184803,56.1,0.249,2.79,0.360,1436.9,1780,1438
184915,56.2,0.255,-2.79,0.356,1436.8,1781,1436
185027,56.2,0.260,-2.09,0.351,1436.8,1779,1438
185139,56.1,0.261,-1.41,0.345,1436.8,1795,1438
185251,56.3,0.263,-0.66,0.340,1436.7,1805,1453
185363,56.3,0.265,-0.19,0.410,1436.7,1776,1429
185475,56.3,0.252,0.52,0.501,1436.7,1793,1435
185587,56.3,0.256,1.21,0.513,1436.6,1783,1435
185699,56.3,0.257,1.93,0.512,1436.6,1787,1429
185811,56.4,0.257,2.65,0.509,1436.6,1779,1439
185923,56.4,0.261,3.12,0.507,1436.6,1779,1437
186035,56.4,0.247,-2.45,0.502,1436.5,1821,1434
186147,56.5,0.208,-1.66,0.497,1436.5,1787,1427
186259,56.5,0.204,-0.98,0.491,1436.5,1739,1434
186371,56.5,0.203,-0.28,0.484,1436.4,1789,1442
186483,56.5,0.193,0.20,0.479,1436.4,1778,1440
186595,56.6,0.173,0.93,0.471,1436.4,1782,1430
186707,56.7,0.169,1.66,0.463,1436.4,1775,1439
186819,56.7,0.170,2.37,0.454,1436.3,1805,1434
186931,56.6,0.128,3.05,0.445,1436.3,1798,1425
187043,56.6,0.126,-2.77,0.439,1436.3,1783,1435
187155,56.5,0.131,-2.09,0.429,1436.3,1799,1430
187267,56.5,0.131,-1.39,0.420,1436.3,1779,1427
187379,56.3,0.123,-0.72,0.410,1436.2,1782,1436
187491,56.3,0.113,-0.03,0.400,1436.2,1782,1425
187603,56.3,0.109,0.44,0.393,1436.2,1787,1422
187715,56.2,0.110,1.12,0.384,1436.2,1814,1430
187827,55.7,0.100,1.67,0.376,1436.2,1797,1430
187939,55.7,0.100,2.37,0.368,1436.2,1790,1439
188051,55.8,0.103,3.08,0.360,1436.1,1791,1431
188163,55.8,0.107,-2.74,0.354,1436.1,1786,1422
188275,55.8,0.113,-2.08,0.346,1436.1,1782,1435
188387,55.8,0.113,-1.42,0.338,1436.1,1782,1424
188499,55.7,0.109,-0.74,0.330,1436.1,1779,1427
188611,55.7,0.105,-0.05,0.322,1436.0,1785,1424
188723,55.6,0.104,0.42,0.358,1436.0,1780,1424
188835,55.6,0.105,1.12,0.406,1436.0,1805,1427
188947,55.7,0.104,0.95,0.412,1436.0,1803,1403
189059,56.2,0.108,0.86,0.411,1436.0,1792,1428
189171,56.8,0.106,1.67,0.409,1436.0,1795,1424
189283,57.3,0.106,3.11,0.407,1435.9,1782,1423
189395,57.9,0.115,3.01,0.404,1435.9,1780,1420
189507,58.5,0.123,-2.50,0.400,1435.9,1780,1424
189619,59.1,0.125,-1.74,0.395,1435.9,1777,1424
189731,59.7,0.124,-0.98,0.390,1435.9,1778,1425
189843,60.3,0.122,-0.47,0.386,1435.9,1776,1437
189955,61.0,0.137,0.30,0.380,1435.9,1815,1411
190067,61.7,0.142,1.02,0.373,1435.8,1791,1413
190179,62.4,0.141,1.81,0.366,1435.8,1791,1419
190291,63.0,0.140,2.60,0.359,1435.8,1805,1434
190403,63.0,0.139,3.12,0.354,1435.8,1783,1423
190515,62.9,0.145,-2.40,0.347,1435.8,1789,1424
190627,62.8,0.146,-1.64,0.339,1435.8,1790,1424
190739,62.8,0.144,-0.87,0.332,1435.8,1788,1408
190851,62.8,0.137,-0.09,0.331,1435.8,1798,1422
190963,62.6,0.150,0.40,0.337,1435.8,1812,1425
191075,62.4,0.151,1.13,0.337,1435.8,1794,1424
191187,62.5,0.149,1.93,0.336,1435.7,1791,1426
191299,62.5,0.153,2.74,0.400,1435.7,1783,1411
191411,62.5,0.165,-2.77,0.409,1435.7,1776,1421
191523,62.5,0.170,-2.27,0.409,1435.7,1781,1410
191635,62.4,0.171,-1.51,0.408,1435.7,1786,1418
191747,62.4,0.170,-0.74,0.406,1435.7,1799,1418
191859,62.3,0.165,0.04,0.402,1435.7,1780,1415
191971,62.3,0.164,0.82,0.399,1435.7,1807,1419
192083,62.2,0.162,1.28,0.396,1435.7,1814,1424
192195,62.0,0.151,2.00,0.391,1435.7,1790,1408
192307,62.0,0.153,2.79,0.385,1435.7,1789,1417
192419,62.0,0.153,-2.71,0.379,1435.7,1788,1411
192531,62.0,0.156,-1.95,0.373,1435.6,1782,1409
192643,61.9,0.154,-1.45,0.368,1435.6,1793,1415
192755,61.8,0.149,-0.69,0.361,1435.6,1787,1408
192867,61.1,0.149,-1.18,0.354,1435.6,1783,1406
192979,60.4,0.145,-0.48,0.347,1435.6,1791,1410
193091,59.6,0.148,0.21,0.339,1435.6,1822,1415
193203,58.9,0.155,0.63,0.334,1435.6,1833,1413
193315,58.1,0.156,1.30,0.371,1435.6,1813,1409
193427,57.3,0.154,2.02,0.378,1435.6,1794,1409
193539,56.6,0.157,2.73,0.386,1435.6,1779,1418
193651,56.5,0.166,-2.85,0.385,1435.6,1790,1406
193763,56.6,0.171,-2.40,0.385,1435.6,1785,1412
193875,56.5,0.174,-1.72,0.383,1435.6,1785,1417
193987,56.5,0.172,-1.05,0.380,1435.6,1782,1405
194099,56.5,0.168,-0.35,0.377,1435.6,1792,1417
194211,56.6,0.181,0.33,0.373,1435.6,1810,1412
194323,56.6,0.182,0.78,0.370,1435.5,1791,1413
194435,56.6,0.179,1.50,0.381,1435.5,1822,1421
194547,56.6,0.178,2.20,0.392,1435.5,1794,1413
194659,56.6,0.187,2.91,0.398,1435.5,1775,1421
194771,56.6,0.197,-2.67,0.397,1435.5,1774,1416
194883,56.6,0.200,-2.21,0.395,1435.5,1795,1440
194995,56.6,0.201,-1.52,0.393,1435.5,1777,1417
195107,56.6,0.202,-0.82,0.389,1435.5,1802,1411
195219,56.7,0.215,-0.09,0.385,1435.5,1802,1419
195331,56.7,0.217,0.61,0.380,1435.5,1787,1410
195443,56.8,0.211,1.09,0.376,1435.5,1796,1418
195555,56.8,0.211,1.79,0.370,1435.5,1779,1423
195667,56.8,0.215,2.52,0.364,1435.5,1779,1375
195779,56.8,0.220,-3.05,0.362,1435.5,1787,1422
195891,56.8,0.230,-2.36,0.358,1435.5,1778,1416
196003,56.8,0.234,-1.91,0.356,1435.5,1791,1421
196115,57.0,0.223,-1.13,0.351,1435.5,1811,1424
196227,57.0,0.217,-0.40,0.347,1435.5,1787,1414
196339,57.1,0.200,0.31,0.342,1435.5,1795,1421
196451,57.1,0.197,1.02,0.336,1435.5,1783,1417
196563,57.2,0.196,1.52,0.333,1435.6,1787,1414
196675,57.3,0.196,2.26,0.328,1435.6,1776,1420
196787,57.3,0.198,2.97,0.322,1435.6,1781,1418
196899,57.3,0.203,-2.62,0.387,1435.6,1796,1416
197011,57.6,0.185,-0.94,0.417,1435.6,1806,1411
197123,57.9,0.186,-0.42,0.469,1435.6,1788,1407
197235,57.9,0.177,0.33,0.499,1435.6,1789,1414
197347,57.9,0.169,1.08,0.592,1435.6,1790,1414
197459,58.1,0.171,1.85,0.636,1435.6,1783,1415
197571,58.3,0.178,2.63,0.646,1435.6,1789,1406
197683,58.3,0.183,3.12,0.646,1435.6,1790,1413
197795,58.3,0.188,-2.42,0.645,1435.6,1776,1422
197907,58.4,0.185,-1.64,0.731,1435.6,1830,1409
198019,58.8,0.174,-0.81,0.775,1435.5,1792,1410
198131,58.8,0.169,-0.07,0.776,1435.5,1786,1415
198243,58.8,0.162,0.43,0.774,1435.5,1797,1406
198355,58.8,0.162,1.17,0.771,1435.5,1792,1415
198467,58.9,0.162,1.95,0.767,1435.5,1792,1407
198579,59.0,0.166,2.71,0.761,1435.5,1790,1410
198691,59.0,0.173,-2.83,0.755,1435.5,1786,1413
198803,59.0,0.175,-2.34,0.749,1435.5,1802,1409
198915,59.4,0.171,0.23,0.740,1435.4,1770,1419
199027,60.3,0.174,1.04,0.730,1435.4,1802,1446
199139,61.1,0.171,1.88,0.723,1435.4,1794,1421
199251,62.0,0.171,2.71,0.717,1435.4,1778,1415
199363,62.8,0.178,-3.03,0.711,1435.4,1805,1426
199475,63.7,0.184,-2.22,0.702,1435.4,1790,1416
199587,64.6,0.185,-1.42,0.692,1435.4,1776,1412
199699,65.2,0.188,-0.60,0.681,1435.3,1811,1414
199811,65.1,0.204,0.23,0.669,1435.3,1789,1413
199923,65.1,0.205,0.78,0.661,1435.3,1789,1413
200035,65.2,0.200,1.62,0.648,1435.3,1786,1418
200147,65.2,0.201,2.46,0.635,1435.3,1787,1414
200259,65.2,0.215,-3.00,0.621,1435.3,1785,1422
200371,65.2,0.221,-2.19,0.607,1435.3,1808,1394
200483,65.1,0.223,-1.66,0.598,1435.3,1790,1409
200595,65.1,0.223,-0.85,0.584,1435.3,1792,1418
200707,65.1,0.238,-0.02,0.571,1435.3,1808,1426
200819,65.1,0.243,0.79,0.557,1435.2,1790,1423
200931,65.1,0.240,1.63,0.544,1435.2,1792,1421
201043,65.1,0.240,2.18,0.535,1435.2,1783,1414
201155,65.1,0.247,3.01,0.522,1435.2,1787,1416
201267,65.1,0.256,-2.46,0.508,1435.2,1783,1413
201379,65.1,0.258,-1.66,0.495,1435.2,1781,1427
201491,65.0,0.256,-0.85,0.482,1435.2,1776,1424
201603,65.0,0.251,-0.31,0.473,1435.2,1791,1430
201715,65.0,0.264,0.50,0.461,1435.2,1808,1421
201827,64.9,0.257,1.29,0.449,1435.2,1776,1422
201939,64.9,0.255,2.13,0.437,1435.2,1791,1423
202051,64.9,0.255,2.95,0.425,1435.2,1786,1425
202163,64.9,0.261,-2.78,0.417,1435.2,1750,1419
202275,64.9,0.265,-1.99,0.406,1435.2,1779,1425
202387,64.8,0.260,-1.20,0.394,1435.2,1791,1423
202499,64.7,0.259,-0.38,0.387,1435.2,1767,1425
202611,64.8,0.270,0.43,0.383,1435.2,1805,1423
202723,64.7,0.267,0.95,0.379,1435.2,1788,1422
202835,64.8,0.266,1.80,0.374,1435.2,1793,1419
202947,64.8,0.265,2.63,0.369,1435.2,1787,1424
203059,64.8,0.267,-2.83,0.364,1435.2,1785,1419
203171,64.8,0.269,-2.02,0.358,1435.2,1783,1424
203283,64.8,0.268,-1.47,0.355,1435.2,1785,1424
203395,64.8,0.272,-0.64,0.349,1435.2,1823,1425
203507,64.9,0.290,0.19,0.343,1435.2,1792,1423
203619,64.9,0.287,1.02,0.337,1435.2,1790,1397
203731,65.0,0.284,1.85,0.393,1435.2,1787,1423
203843,65.0,0.286,2.40,0.412,1435.2,1791,1419
203955,65.0,0.296,-3.05,0.430,1435.2,1792,1422
204067,65.0,0.300,-2.24,0.431,1435.2,1781,1415
204179,65.0,0.301,-1.42,0.430,1435.1,1791,1424
204291,65.1,0.306,-0.58,0.433,1435.1,1816,1418
204403,65.2,0.312,-0.02,0.439,1435.1,1799,1413
204515,65.2,0.311,0.81,0.440,1435.1,1797,1424
204627,65.2,0.307,1.63,0.440,1435.1,1792,1415
204739,65.2,0.311,2.47,0.458,1435.1,1789,1443
204851,65.2,0.317,-2.99,0.503,1435.1,1789,1408
